Name,Immunogenicity,Species,Reference,VH,VL,Immunogenic,HLAIIpred_count
3F8,100.0,Mouse,https://www.nature.com/articles/s41598-018-32986-y#ref-CR1,SIVMTQTPKFLLVSAGDRVTITCKASQSVSNDVTWYQQKAGQSPKLLIYSASNRYSGVPDRFTGSGYGTAFTFTISTVQAEDLAVYFCQQDYSSFGGGTKLEIK,QVQLKESGPGLVAPSQSLSITCTVSGFSVTNYGVHWVRQPPGKGLEWLGVIWAGGITNYNSAFMSRLSISKDNSKSQVFLKMNSLQIDDTAMYYCASRGGHYGYALDYWGQGTSVTVSS,1,73
moAb_81C6,100.0,Mouse,https://www.nature.com/articles/s41598-018-32986-y#ref-CR1,DIVMTQAAFSNPVTLGTSASISCRSSKSLLHSNGITYLYWYLQKPGQSPQLLIYQMSNLASGVPDRFSSSGSGTDFTLRISRVEAEDVGVYYCAQNLELPRTFGGGTKLEI,EVQLQQSGPELVKPGASVKMSCKASGYTFTSYVVHWVKQNPGQGLEWIGYINPFNDGTKYNENFKGKATLTSDRSSSTAYMELSSLTSEESAVYFCARDMGREGFAYWGQGTLVTVSA,1,64
Arcitumomab,0.5,Mouse,https://www.nature.com/articles/s41598-018-32986-y#ref-CR1,QTVLSQSPAILSASPGEKVTMTCRASSSVTYIHWYQQKPGSSPKSWIYATSNLASGVPARFSGSGSGTSYSLTISRVEAEDAATYYCQHWSSKPPTFGGGTKLEIK,EVKLVESGGGLVQPGGSLRLSCATSGFTFTDYYMNWVRQPPGKALEWLGFIGNKANGYTTEYSASVKGRFTISRDKSQSILYLQMNTLRAEDSATYYCTRDRGLRFYFDYWGQGTTLTVSS,0,63
Blinatumomab,1.4,Mouse,https://www.nature.com/articles/s41598-018-32986-y#ref-CR1,DIQLTQSPASLAVSLGQRATISCKASQSVDYDGDSYLNWYQQIPGQPPKLLIYDASNLVSGIPPRFSGSGSGTDFTLNIHPVEKVDAATYHCQQSTEDPWTFGGGTKLEIK,QVQLQQSGAELVRPGSSVKISCKASGYAFSSYWMNWVKQRPGQGLEWIGQIWPGDGDTNYNGKFKGKATLTADESSSTAYMQLSSLASEDSAVYFCARRETTTVGRYYYAMDYWGQGTTVTVSS,0,58
Ibritumomab,1.9,Mouse,https://www.nature.com/articles/s41598-018-32986-y#ref-CR1,QIVLSQSPAILSASPGEKVTMTCRASSSVSYMHWYQQKPGSSPKPWIYAPSNLASGVPARFSGSGSGTSYSLTISRVEAEDAATYYCQQWSFNPPTFGAGTKLELK,QAYLQQSGAELVRPGASVKMSCKASGYTFTSYNMHWVKQTPRQGLEWIGAIYPGNGDTSYNQKFKGKATLTVDKSSSTAYMQLSSLTSEDSAVYFCARVVYYSNSYWYFDVWGTGTTVTVSA,0,58
MuromonabCD3,56.0,Mouse,https://www.nature.com/articles/s41598-018-32986-y#ref-CR1,QIVLTQSPAIMSASPGEKVTMTCSASSSVSYMNWYQQKSGTSPKRWIYDTSKLASGVPAHFRGSGSGTSYSLTISGMEAEDAATYYCQQWSSNPFTFGSGTKLEIN,QVQLQQSGAELARPGASVKMSCKASGYTFTRYTMHWVKQRPGQGLEWIGYINPSRGYTNYNQKFKDKATLTTDKSSSTAYMQLSSLTSEDSAVYYCARYYDDHYCLDYWGQGTTLTVSS,1,57
Satumomab,55.0,Mouse,https://www.nature.com/articles/s41598-018-32986-y#ref-CR1,DIQMTQSPASLSVSVGETVTITCRASENIYSNLAWYQQKQGKSPQLLVYAATNLADGVPSRFSGSGSGTQYSLKINSLQSEDFGSYYCQHFWGTPYTFGGGTRLEIK,QVQLQQSDAELVKPGASVKISCKASGYTFTDHAIHWAKQKPEQGLEWIGYISPGNDDIKYNEKFKGKATLTADKSSSTAYMQLNSLTSEDSAVYFCKRSYYGHWGQGTTLTVSS,1,62
Tositumomab,45.5,Mouse,https://www.nature.com/articles/s41598-018-32986-y#ref-CR1,QIVLSQSPAILSASPGEKVTMTCRASSSVSYMHWYQQKPGSSPKPWIYAPSNLASGVPARFSGSGSGTSYSLTISRVEAEDAATYYCQQWSFNPPTFGAGTKLELK,QAYLQQSGAELVRPGASVKMSCKASGYTFTSYNMHWVKQTPRQGLEWIGAIYPGNGDTSYNQKFKGKATLTVDKSSSTAYMQLSSLTSEDSAVYFCARVVYYSNSYWYFDVWGTGTTVTVSG,1,58
Abciximab,35.5,Chimeric,https://www.nature.com/articles/s41598-018-32986-y#ref-CR1,DILMTQSPSSMSVSLGDTVSITCHASQGISSNIGWLQQKPGKSFMGLIYYGTNLVDGVPSRFSGSGSGADYSLTISSLDSEDFADYYCVQYAQLPYTFGGGTKLEIK,EVQLQQSGAELVKPGASVKLSCTASGFNIKDTYVHWVKQRPEQGLEWIGRIDPANGYTKYDPKFQGKATITADTSSNTAYLQLSSLTSEDTAVYYCVRPLYDYYAMDYWGQGTSVTVSS,1,65
Basiliximab,1.5,Chimeric,https://www.nature.com/articles/s41598-018-32986-y#ref-CR1,QIVSTQSPAIMSASPGEKVTMTCSASSSRSYMQWYQQKPGTSPKRWIYDTSKLASGVPARFSGSGSGTSYSLTISSMEAEDAATYYCHQRSSYTFGGGTKLEIK,QVQLQQSGTVLARPGASVKMSCKASGYSFTRYWMHWIKQRPGQGLEWIGAIYPGNSDTSYNQKFEGKAKLTAVTSASTAYMELSSLTHEDSAVYYCSRDYGYYFDFWGQGTTLTVSS,0,61
Bavituximab,58.0,Chimeric,https://www.nature.com/articles/s41598-018-32986-y#ref-CR1,DIQMTQSPSSLSASLGERVSLTCRASQDIGSSLNWLQQGPDGTIKRLIYATSSLDSGVPKRFSGSRSGSDYSLTISSLESEDFVDYYCLQYVSSPPTFGAGTKLELK,EVQLQQSGPELEKPGASVKLSCKASGYSFTGYNMNWVKQSHGKSLEWIGHIDPYYGDTSYNQKFRGKATLTVDKSSSTAYMQLKSLTSEDSAVYYCVKGGYYGHWYFDVWGAGTTVTVSS,1,64
Cetuximab,5.0,Chimeric,https://www.nature.com/articles/s41598-018-32986-y#ref-CR1,DILLTQSPVILSVSPGERVSFSCRASQSIGTNIHWYQQRTNGSPRLLIKYASESISGIPSRFSGSGSGTDFTLSINSVESEDIADYYCQQNNNWPTTFGAGTKLELK,QVQLKQSGPGLVQPSQSLSITCTVSGFSLTNYGVHWVRQSPGKGLEWLGVIWSGGNTDYNTPFTSRLSINKDNSKSQVFFKMNSLQSNDTAIYYCARALTYYDYEFAYWGQGTLVTVSA,0,64
Rituximab,11.0,Chimeric,https://www.nature.com/articles/s41598-018-32986-y#ref-CR1,QIVLSQSPAILSASPGEKVTMTCRASSSVSYIHWFQQKPGSSPKPWIYATSNLASGVPVRFSGSGSGTSYSLTISRVEAEDAATYYCQQWTSNPPTFGGGTKLEIK,QVQLQQPGAELVKPGASVKMSCKASGYTFTSYNMHWVKQTPGRGLEWIGAIYPGNGDTSYNQKFKGKATLTADKSSSTAYMQLSSLTSEDSAVYYCARSTYYGGDWYFNVWGAGTTVTVSA,1,59
Siltuximab,0.2,Chimeric,https://www.nature.com/articles/s41598-018-32986-y#ref-CR1,QIVLIQSPAIMSASPGEKVTMTCSASSSVSYMYWYQQKPGSSPRLLIYDTSNLASGVPVRFSGSGSGTSYSLTISRMEAEDAATYYCQQWSGYPYTFGGGTKLEIK,EVQLVESGGKLLKPGGSLKLSCAASGFTFSSFAMSWFRQSPEKRLEWVAEISSGGSYTYYPDTVTGRFTISRDNAKNTLYLEMSSLRSEDTAMYYCARGLWGYYALDYWGQGTSVTVSS,0,58
Alemtuzumab,5.1,Humanized,https://www.nature.com/articles/s41598-018-32986-y#ref-CR1,DIQMTQSPSSLSASVGDRVTITCKASQNIDKYLNWYQQKPGKAPKLLIYNTNNLQTGVPSRFSGSGSGTDFTFTISSLQPEDIATYYCLQHISRPRTFGQGTKVEIK,QVQLQESGPGLVRPSQTLSLTCTVSGFTFTDFYMNWVRQPPGRGLEWIGFIRDKAKGYTTEYNPSVKGRVTMLVDTSKNQFSLRLSSVTAADTAVYYCAREGHTAAPFDYWGQGSLVTVSS,0,49
Atezolizumab,28.9,Humanized,https://www.nature.com/articles/s41598-018-32986-y#ref-CR1,DIQMTQSPSSLSASVGDRVTITCRASQDVSTAVAWYQQKPGKAPKLLIYSASFLYSGVPSRFSGSGSGTDFTLTISSLQPEDFATYYCQQYLYHPATFGQGTKVEIK,EVQLVESGGGLVQPGGSLRLSCAASGFTFSDSWIHWVRQAPGKGLEWVAWISPYGGSTYYADSVKGRFTISADTSKNTAYLQMNSLRAEDTAVYYCARRHWPGGFDYWGQGTLVTVSS,1,31
Bevacizumab,0.3,Humanized,https://www.nature.com/articles/s41598-018-32986-y#ref-CR1,DIQMTQSPSSLSASVGDRVTITCSASQDISNYLNWYQQKPGKAPKVLIYFTSSLHSGVPSRFSGSGSGTDFTLTISSLQPEDFATYYCQQYSTVPWTFGQGTKVEIK,EVQLVESGGGLVQPGGSLRLSCAASGYTFTNYGMNWVRQAPGKGLEWVGWINTYTGEPTYAADFKRRFTFSLDTSKSTAYLQMNSLRAEDTAVYYCAKYPHYYGSSHWYFDVWGQGTLVTVSS,0,33
Certolizumab,8.0,Humanized,https://www.nature.com/articles/s41598-018-32986-y#ref-CR1,DIQMTQSPSSLSASVGDRVTITCKASQNVGTNVAWYQQKPGKAPKALIYSASFLYSGVPYRFSGSGSGTDFTLTISSLQPEDFATYYCQQYNIYPLTFGQGTKVEIK,EVQLVESGGGLVQPGGSLRLSCAASGYVFTDYGMNWVRQAPGKGLEWMGWINTYIGEPIYADSVKGRFTFSLDTSKSTAYLQMNSLRAEDTAVYYCARGYRSYAMDYWGQGTLVTVSS,0,35
Daclizumab,19.0,Humanized,https://www.nature.com/articles/s41598-018-32986-y#ref-CR1,DIQMTQSPSTLSASVGDRVTITCSASSSISYMHWYQQKPGKAPKLLIYTTSNLASGVPARFSGSGSGTEFTLTISSLQPDDFATYYCHQRSTYPLTFGQGTKVEVK,QVQLVQSGAEVKKPGSSVKVSCKASGYTFTSYRMHWVRQAPGQGLEWIGYINPSTGYTEYNQKFKDKATITADESTNTAYMELSSLRSEDTAVYYCARGGGVFDYWGQGTLVTVSS,1,33
Elotuzumab,18.5,Humanized,https://www.nature.com/articles/s41598-018-32986-y#ref-CR1,DIQMTQSPSSLSASVGDRVTITCKASQDVGIAVAWYQQKPGKVPKLLIYWASTRHTGVPDRFSGSGSGTDFTLTISSLQPEDVATYYCQQYSSYPYTFGQGTKVEIK,EVQLVESGGGLVQPGGSLRLSCAASGFDFSRYWMSWVRQAPGKGLEWIGEINPDSSTINYAPSLKDKFIISRDNAKNSLYLQMNSLRAEDTAVYYCARPDGNYWYFDVWGQGTLVTVSS,1,35
Farletuzumab,8.7,Humanized,https://www.nature.com/articles/s41598-018-32986-y#ref-CR1,DIQLTQSPSSLSASVGDRVTITCSVSSSISSNNLHWYQQKPGKAPKPWIYGTSNLASGVPSRFSGSGSGTDYTFTISSLQPEDIATYYCQQWSSYPYMYTFGQGTKVEIK,EVQLVESGGGVVQPGRSLRLSCSASGFTFSGYGLSWVRQAPGKGLEWVAMISSGGSYTYYADSVKGRFAISRDNAKNTLFLQMDSLRPEDTGVYFCARHGDDPAWFAYWGQGTPVTVSS,0,36
Gemtuzumab,0.0,Humanized,https://www.nature.com/articles/s41598-018-32986-y#ref-CR1,DIQLTQSPSTLSASVGDRVTITCRASESLDNYGIRFLTWFQQKPGKAPKLLMYAASNQGSGVPSRFSGSGSGTEFTLTISSLQPDDFATYYCQQTKEVPWSFGQGTKVEVK,EVQLVQSGAEVKKPGSSVKVSCKASGYTITDSNIHWVRQAPGQSLEWIGYIYPYNGGTDYNQKFKNRATLTVDNPTNTAYMELSSLRSEDTAFYYCVNGNPWLAYWGQGTLVTVSS,0,41
Idarucizumab,4.0,Humanized,https://www.nature.com/articles/s41598-018-32986-y#ref-CR1,DVVMTQSPLSLPVTLGQPASISCKSSQSLLYTDGKTYLYWFLQRPGQSPRRLIYLVSKLDSGVPDRFSGSGSGTDFTLKISRVEAEDVGVYYCLQSTHFPHTFGGGTKVEIK,QVQLQESGPGLVKPSETLSLTCTVSGFSLTSYIVDWIRQPPGKGLEWIGVIWAGGSTGYNSALRSRVSITKDTSKNQFSLKLSSVTAADTAVYYCASAAYYSYYNYDGFAYWGQGTLVTVSS,0,29
Ixekizumab,8.5,Humanized,https://www.nature.com/articles/s41598-018-32986-y#ref-CR1,DIVMTQTPLSLSVTPGQPASISCRSSRSLVHSRGNTYLHWYLQKPGQSPQLLIYKVSNRFIGVPDRFSGSGSGTDFTLKISRVEAEDVGVYYCSQSTHLPFTFGQGTKLEIK,QVQLVQSGAEVKKPGSSVKVSCKASGYSFTDYHIHWVRQAPGQGLEWMGVINPMYGTTDYNQRFKGRVTITADESTSTAYMELSSLRSEDTAVYYCARYDYFTGTGVYWGQGTLVTVSS,0,38
Matuzumab,10.0,Humanized,https://www.nature.com/articles/s41598-018-32986-y#ref-CR1,DIQMTQSPSSLSASVGDRVTITCSASSSVTYMYWYQQKPGKAPKLLIYDTSNLASGVPSRFSGSGSGTDYTFTISSLQPEDIATYYCQQWSSHIFTFGQGTKVEIK,QVQLVQSGAEVKKPGASVKVSCKASGYTFTSHWMHWVRQAPGQGLEWIGEFNPSNGRTNYNEKFKSKATMTVDTSTNTAYMELSSLRSEDTAVYYCASRDYDYDGRYFDYWGQGTLVTVSS,1,34
Omalizumab,0.0,Humanized,https://www.nature.com/articles/s41598-018-32986-y#ref-CR1,DIQLTQSPSSLSASVGDRVTITCRASQSVDYDGDSYMNWYQQKPGKAPKLLIYAASYLESGVPSRFSGSGSGTDFTLTISSLQPEDFATYYCQQSHEDPYTFGQGTKVEIK,EVQLVESGGGLVQPGGSLRLSCAVSGYSITSGYSWNWIRQAPGKGLEWVASITYDGSTNYNPSVKGRITISRDDSKNTFYLQMNSLRAEDTAVYYCARGSHYFGHWHFAVWGQGTLVTVSS,0,31
Oportuzumab,40.0,Humanized,https://www.nature.com/articles/s41598-018-32986-y#ref-CR1,DIQMTQSPSSLSASVGDRVTITCRSTKSLLHSNGITYLYWYQQKPGKAPKLLIYQMSNLASGVPSRFSSSGSGTDFTLTISSLQPEDFATYYCAQNLEIPRTFGQGTKVELK,EVQLVQSGPGLVQPGGSVRISCAASGYTFTNYGMNWVKQAPGKGLEWMGWINTYTGESTYADSFKGRFTFSLDTSASAAYLQINSLRAEDTAVYYCARFAIKGDYWGQGTLLTVSS,1,47
Pembrolizumab,1.7,Humanized,https://www.nature.com/articles/s41598-018-32986-y#ref-CR1,EIVLTQSPATLSLSPGERATLSCRASKGVSTSGYSYLHWYQQKPGQAPRLLIYLASYLESGVPARFSGSGSGTDFTLTISSLEPEDFAVYYCQHSRDLPLTFGGGTKVEIK,QVQLVQSGVEVKKPGASVKVSCKASGYTFTNYYMYWVRQAPGQGLEWMGGINPSNGGTNFNEKFKNRVTLTTDSSTTTAYMELKSLQFDDTAVYYCARRDYRFDMGFDYWGQGTTVTVSS,0,36
Pertuzumab,2.8,Humanized,https://www.nature.com/articles/s41598-018-32986-y#ref-CR1,DIQMTQSPSSLSASVGDRVTITCKASQDVSIGVAWYQQKPGKAPKLLIYSASYRYTGVPSRFSGSGSGTDFTLTISSLQPEDFATYYCQQYYIYPYTFGQGTKVEIK,EVQLVESGGGLVQPGGSLRLSCAASGFTFTDYTMDWVRQAPGKGLEWVADVNPNSGGSIYNQRFKGRFTLSVDRSKNTLYLQMNSLRAEDTAVYYCARNLGPSFYFDYWGQGTLVTVSS,0,37
Pexelizumab,0.0,Humanized,https://www.nature.com/articles/s41598-018-32986-y#ref-CR1,DIQMTQSPSLSASVGDRVTITCGASENIYGALNWYQRKPGKAPKLLIYGATNLADGVPSRFSGSGSGTDYTLTISSLQPEDFATYYCQNVLNTPLTFGQGTKVEIK,QVQLVQSGAEVKKPGASVKVSCKASGYIFSNYWIQWVRQAPGQGLEWMGEILPGSGSTEYAQKFQGRVTMTADTSTSTAYMELSSLRSEDTAVYYCARYFFGSSPNWYFVWGQGT,0,29
Ranibizumab,3.5,Humanized,https://www.nature.com/articles/s41598-018-32986-y#ref-CR1,DIQLTQSPSSLSASVGDRVTITCSASQDISNYLNWYQQKPGKAPKVLIYFTSSLHSGVPSRFSGSGSGTDFTLTISSLQPEDFATYYCQQYSTVPWTFGQGTKVEIK,EVQLVESGGGLVQPGGSLRLSCAASGYDFTHYGMNWVRQAPGKGLEWVGWINTYTGEPTYAADFKRRFTFSLDTSKSTAYLQMNSLRAEDTAVYYCAKYPYYYGTSHWYFDVWGQGTLVTVSS,0,34
Trastuzumab,8.1,Humanized,https://www.nature.com/articles/s41598-018-32986-y#ref-CR1,DIQMTQSPSSLSASVGDRVTITCRASQDVNTAVAWYQQKPGKAPKLLIYSASFLYSGVPSRFSGSRSGTDFTLTISSLQPEDFATYYCQQHYTTPPTFGQGTKVEIK,EVQLVESGGGLVQPGGSLRLSCAASGFNIKDTYIHWVRQAPGKGLEWVARIYPTNGYTRYADSVKGRFTISADTSKNTAYLQMNSLRAEDTAVYYCSRWGGDGFYAMDYWGQGTLVTVSS,0,41
Vedolizumab,9.5,Humanized,https://www.nature.com/articles/s41598-018-32986-y#ref-CR1,DVVMTQSPLSLPVTPGEPASISCRSSQSLAKSYGNTYLSWYLQKPGQSPQLLIYGISNRFSGVPDRFSGSGSGTDFTLKISRVEAEDVGVYYCLQGTHQPYTFGQGTKVEIK,QVQLVQSGAEVKKPGASVKVSCKGSGYTFTSYWMHWVRQAPGQRLEWIGEIDPSESNTNYNQKFKGRVTLTVDISASTAYMELSSLRSEDTAVYYCARGGYDGWDYAIDYWGQGTLVTVSS,0,24
Adalimumab,14.0,Human,https://www.nature.com/articles/s41598-018-32986-y#ref-CR1,DIQMTQSPSSLSASVGDRVTITCRASQGIRNYLAWYQQKPGKAPKLLIYAASTLQSGVPSRFSGSGSGTDFTLTISSLQPEDVATYYCQRYNRAPYTFGQGTKVEIK,EVQLVESGGGLVQPGRSLRLSCAASGFTFDDYAMHWVRQAPGKGLEWVSAITWNSGHIDYADSVEGRFTISRDNAKNSLYLQMNSLRAEDTAVYYCAKVSYLSTASSLDYWGQGTLVTVSS,1,26
Denosumab,1.0,Human,https://www.nature.com/articles/s41598-018-32986-y#ref-CR1,EIVLTQSPGTLSLSPGERATLSCRASQSVRGRYLAWYQQKPGQAPRLLIYGASSRATGIPDRFSGSGSGTDFTLTISRLEPEDFAVFYCQQYGSSPRTFGQGTKVEIK,EVQLLESGGGLVQPGGSLRLSCAASGFTFSSYAMSWVRQAPGKGLEWVSGITGSGGSTYYADSVKGRFTISRDNSKNTLYLQMNSLRAEDTAVYYCAKDPGTTVIMSWFDPWGQGTLVTVSS,0,20
Durvalumab,3.3,Human,https://www.nature.com/articles/s41598-018-32986-y#ref-CR1,EIVLTQSPGTLSLSPGERATLSCRASQRVSSSYLAWYQQKPGQAPRLLIYDASSRATGIPDRFSGSGSGTDFTLTISRLEPEDFAVYYCQQYGSLPWTFGQGTKVEIK,EVQLVESGGGLVQPGGSLRLSCAASGFTFSRYWMSWVRQAPGKGLEWVANIKQDGSEKYYVDSVKGRFTISRDNAKNSLYLQMNSLRAEDTAVYYCAREGGWFGELAFDYWGQGTLVTVSS,0,11
Ipilimumab,2.0,Human,https://www.nature.com/articles/s41598-018-32986-y#ref-CR1,EIVLTQSPGTLSLSPGERATLSCRASQSVGSSYLAWYQQKPGQAPRLLIYGAFSRATGIPDRFSGSGSGTDFTLTISRLEPEDFAVYYCQQYGSSPWTFGQGTKVEIK,QVQLVESGGGVVQPGRSLRLSCAASGFTFSSYTMHWVRQAPGKGLEWVTFISYDGNNKYYADSVKGRFTISRDNSKNTLYLQMNSLRAEDTAIYYCARTGWLGPFDYWGQGTLVTVSS,0,22
Necitumumab,4.1,Human,https://www.nature.com/articles/s41598-018-32986-y#ref-CR1,EIVMTQSPATLSLSPGERATLSCRASQSVSSYLAWYQQKPGQAPRLLIYDASNRATGIPARFSGSGSGTDFTLTISSLEPEDFAVYYCHQYGSTPLTFGGGTKAEIK,QVQLQESGPGLVKPSQTLSLTCTVSGGSISSGDYYWSWIRQPPGKGLEWIGYIYYSGSTDYNPSLKSRVTMSVDTSKNQFSLKVNSVTAADTAVYYCARVSIFGVGTFDYWGQGTLVTVSS,0,13
Nivolumab,7.7,Human,https://www.nature.com/articles/s41598-018-32986-y#ref-CR1,EIVLTQSPATLSLSPGERATLSCRASQSVSSYLAWYQQKPGQAPRLLIYDASNRATGIPARFSGSGSGTDFTLTISSLEPEDFAVYYCQQSSNWPRTFGQGTKVEIK,QVQLVESGGGVVQPGRSLRLDCKASGITFSNSGMHWVRQAPGKGLEWVAVIWYDGSKRYYADSVKGRFTISRDNSKNTLFLQMNSLRAEDTAVYYCATNDDYWGQGTLVTVSS,0,10
Ofatumumab,0.0,Human,https://www.nature.com/articles/s41598-018-32986-y#ref-CR1,EIVLTQSPATLSLSPGERATLSCRASQSVSSYLAWYQQKPGQAPRLLIYDASNRATGIPARFSGSGSGTDFTLTISSLEPEDFAVYYCQQRSNWPITFGQGTRLEIK,EVQLVESGGGLVQPGRSLRLSCAASGFTFNDYAMHWVRQAPGKGLEWVSTISWNSGSIGYADSVKGRFTISRDNAKKSLYLQMNSLRAEDTALYYCAKDIQYGNYYYGMDVWGQGTTVTVSS,0,11
Olaratumab,3.5,Human,https://www.nature.com/articles/s41598-018-32986-y#ref-CR1,EIVLTQSPATLSLSPGERATLSCRASQSVSSYLAWYQQKPGQAPRLLIYDASNRATGIPARFSGSGSGTDFTLTISSLEPEDFAVYYCQQRSNWPPAFGQGTKVEIK,QLQLQESGPGLVKPSETLSLTCTVSGGSINSSSYYWGWLRQSPGKGLEWIGSFFYTGSTYYNPSLRSRLTISVDTSKNQFSLMLSSVTAADTAVYYCARQSTYYYGSGNYYGWFDRWDQGTLVTVSS,0,20
Ramucirumab,4.1,Human,https://www.nature.com/articles/s41598-018-32986-y#ref-CR1,DIQMTQSPSSVSASIGDRVTITCRASQGIDNWLGWYQQKPGKAPKLLIYDASNLDTGVPSRFSGSGSGTYFTLTISSLQAEDFAVYFCQQAKAFPPTFGGGTKVDIK,EVQLVQSGGGLVKPGGSLRLSCAASGFTFSSYSMNWVRQAPGKGLEWVSSISSSSSYIYYADSVKGRFTISRDNAKNSLYLQMNSLRAEDTAVYYCARVTDAFDIWGQGTMVTVSS,0,27
Secukinumab,1.0,Human,https://www.nature.com/articles/s41598-018-32986-y#ref-CR1,EIVLTQSPGTLSLSPGERATLSCRASQSVSSSYLAWYQQKPGQAPRLLIYGASSRATGIPDRFSGSGSGTDFTLTISRLEPEDFAVYYCQQYGSSPCTFGQGTRLEIK,EVQLVESGGGLVQPGGSLRLSCAASGFTFSNYWMNWVRQAPGKGLEWVAAINQDGSEKYYVGSVKGRFTISRDNAKNSLYLQMNSLRVEDTAVYYCVRDYYDILTDYYIHYWYFDLWGRGTLVTVSS,0,20
Zalutumumab,0.0,Human,https://www.nature.com/articles/s41598-018-32986-y#ref-CR1,AIQLTQSPSSLSASVGDRVTITCRASQDISSALVWYQQKPGKAPKLLIYDASSLESGVPSRFSGSESGTDFTLTISSLQPEDFATYYCQQFNSYPLTFGGGTKVEIK,QVQLVESGGGVVQPGRSLRLSCAASGFTFSTYGMHWVRQAPGKGLEWVAVIWDDGSYKYYGDSVKGRFTISRDNSKNTLYLQMNSLRAEDTAVYYCARDGITMVRGVMKDYFDYWGQGTLVTVSS,0,29
Moxetumomab,59.0,Mouse,https://www.ncbi.nlm.nih.gov/pmc/articles/PMC6323103/,DIQMTQTTSSLSASLGDRVTISCRASQDISNYLNWYQQKPDGTVKLLIYYTSILHSGVPSRFSGSGSGTDYSLTISNLEQEDFATYFCQQGNTLPWTFGCGTKLEI,EVQLVESGGGLVKPGGSLKLSCAASGFAFSIYDMSWVRQTPEKCLEWVAYISSGGGTTYYPDTVKGRFTISRDNAKNTLYLQMSSLKSEDTAMYYCARHSGYGTHWGVLFAYWGQGTLVTVSA,1,46
Abagovomab,68.1,Mouse,https://www.ncbi.nlm.nih.gov/pmc/articles/PMC3221001/,DIELTQSPASLSASVGETVTITCQASENIYSYLAWHQQKQGKSPQLLVYNAKTLAGGVSSRFSGSGSGTHFSLKIKSLQPEDFGIYYCQHHYGILPTFGGGTKLEIK,QVKLQESGAELARPGASVKLSCKASGYTFTNYWMQWVKQRPGQGLDWIGAIYPGDGNTRYTHKFKGKATLTADKSSSTAYMQLSSLASEDSGVYYCARGEGNYAWFAYWGQGTTVTVSS,1,70
Begelomab,28.0,Mouse,https://www.ema.europa.eu/en/documents/withdrawal-report/withdrawal-assessment-report-begedina_en.pdf,QIVLTQSPAIMSASPGEKVTITCSASSSVSYMNWFQQKPGTSPKLWIYSTSNLASGVPARFSGSGSGTSYSLTISRMEAEDAATYYCQQRSSYPNTFGGGTKLEIK,QVQLQQSGAELVKPGASVKLSCKASGYTFRSYDINWVRQRPEQGLEWIGWIFPGDGSTKYNEKFKGKATLTTDKSSSTAYMQLSRLTSEDSAVYFCARWTVVGPGYFDVWGAGTTVTVSS,1,56
Infliximab,30.5,Chimeric,http://www.accessdata.fda.gov/drugsatfda_docs/label/2013/103772s5359lbl.pdf,DILLTQSPAILSVSPGERVSFSCRASQFVGSSIHWYQQRTNGSPRLLIKYASESMSGIPSRFSGSGSGTDFTLSINTVESEDIADYYCQQSHSWPFTFGSGTNLEVK,EVKLEESGGGLVQPGGSMKLSCVASGFIFSNHWMNWVRQSPEKGLEWVAEIRSKSINSATHYAESVKGRFTISRDDSKSAVYLQMTDLRTEDTGVYYCSRNYYGSTYDYWGQGTTLTVSS,1,69
Eculizumab,2.0,Humanized,https://www.ncbi.nlm.nih.gov/pmc/articles/PMC3062386/#!po=9.61538,DIQMTQSPSSLSASVGDRVTITCGASENIYGALNWYQQKPGKAPKLLIYGATNLADGVPSRFSGSGSGTDFTLTISSLQPEDFATYYCQNVLNTPLTFGQGTKVEIK,QVQLVQSGAEVKKPGASVKVSCKASGYIFSNYWIQWVRQAPGQGLEWMGEILPGSGSTEYTENFKDRVTMTRDTSTSTVYMELSSLRSEDTAVYYCARYFFGSSPNWYFDVWGQGTLVTVSS,0,27
Natalizumab,9.0,Humanized,https://www.ncbi.nlm.nih.gov/pmc/articles/PMC3062386/#!po=9.61538,DIQMTQSPSSLSASVGDRVTITCKTSQDINKYMAWYQQTPGKAPRLLIHYTSALQPGIPSRFSGSGSGRDYTFTISSLQPEDIATYYCLQYDNLWTFGQGTKVEIK,QVQLVQSGAEVKKPGASVKVSCKASGFNIKDTYIHWVRQAPGQRLEWMGRIDPANGYTKYDPKFQGRVTITADTSASTAYMELSSLRSEDTAVYYCAREGYYGNYGVYAMDYWGQGTLVTVSS,0,44
Golimumab,4.0,Human,https://www.ncbi.nlm.nih.gov/pmc/articles/PMC3062386/#!po=9.61538,EIVLTQSPATLSLSPGERATLSCRASQSVYSYLAWYQQKPGQAPRLLIYDASNRATGIPARFSGSGSGTDFTLTISSLEPEDFAVYYCQQRSNWPPFTFGPGTKVDIK,QVQLVESGGGVVQPGRSLRLSCAASGFIFSSYAMHWVRQAPGNGLEWVAFMSYDGSNKKYADSVKGRFTISRDNSKNTLYLQMNSLRAEDTAVYYCARDRGIAAGGNYYYYGMDVWGQGTTVTVSS,0,19
Ustekinumab,4.0,Human,https://www.ncbi.nlm.nih.gov/pmc/articles/PMC3062386/#!po=9.61538,DIQMTQSPSSLSASVGDRVTITCRASQGISSWLAWYQQKPEKAPKSLIYAASSLQSGVPSRFSGSGSGTDFTLTISSLQPEDFATYYCQQYNIYPYTFGQGTKLEIK,EVQLVQSGAEVKKPGESLKISCKGSGYSFTTYWLGWVRQMPGKGLDWIGIMSPVDSDIRYSPSFQGQVTMSVDKSITTAYLQWNSLKASDTAMYYCARRRPGQGYFDFWGQGTLVTVSS,0,25
Tocilizumab,2.0,Humanized,https://www.ncbi.nlm.nih.gov/pmc/articles/PMC3062386/#!po=9.61538,DIQMTQSPSSLSASVGDRVTITCRASQDISSYLNWYQQKPGKAPKLLIYYTSRLHSGVPSRFSGSGSGTDFTFTISSLQPEDIATYYCQQGNTLPYTFGQGTKVEIK,QVQLQESGPGLVRPSQTLSLTCTVSGYSITSDHAWSWVRQPPGRGLEWIGYISYSGITTYNPSLKSRVTMLRDTSKNQFSLRLSSVTAADTAVYYCARSLARTTAMDYWGQGSLVTVSS,0,31
Avelumab,5.0,Human,https://jitc.biomedcentral.com/articles/10.1186/s40425-019-0586-0/tables/2,QSALTQPASVSGSPGQSITISCTGTSSDVGGYNYVSWYQQHPGKAPKLMIYDVSNRPSGVSNRFSGSKSGNTASLTISGLQAEDEADYYCSSYTSSSTRVFGTGTKVTVL,EVQLLESGGGLVQPGGSLRLSCAASGFTFSSYIMMWVRQAPGKGLEWVSSIYPSGGITFYADTVKGRFTISRDNSKNTLYLQMNSLRAEDTAVYYCARIKLGTVTTVDYWGQGTLVTVSS,0,27
Canakinumab,0.0,Human,https://www.ncbi.nlm.nih.gov/pmc/articles/PMC2881252/#R77,EIVLTQSPDFQSVTPKEKVTITCRASQSIGSSLHWYQQKPDQSPKLLIKYASQSFSGVPSRFSGSGSGTDFTLTINSLEAEDAAAYYCHQSSSLPFTFGPGTKVDIK,QVQLVESGGGVVQPGRSLRLSCAASGFTFSVYGMNWVRQAPGKGLEWVAIIWYDGDNQYYADSVKGRFTISRDNSKNTLYLQMNGLRAEDTAVYYCARDLRTGPFDYWGQGTLVTVSS,0,13
Panitumumab,2.8,Human,https://www.ncbi.nlm.nih.gov/pmc/articles/PMC2881252/#R77,DIQMTQSPSSLSASVGDRVTITCQASQDISNYLNWYQQKPGKAPKLLIYDASNLETGVPSRFSGSGSGTDFTFTISSLQPEDIATYFCQHFDHLPLAFGGGTKVEIK,QVQLQESGPGLVKPSETLSLTCTVSGGSVSSGDYYWTWIRQSPGKGLEWIGHIYYSGNTNYNPSLKSRLTISIDTSKTQFSLKLSSVTAADTAIYYCVRDRVTGAFDIWGQGTMVTVSS,0,21
Brentuximab,35.0,Chimeric,https://www.ncbi.nlm.nih.gov/pmc/articles/PMC5061540/,DIVLTQSPASLAVSLGQRATISCKASQSVDFDGDSYMNWYQQKPGQPPKVLIYAASNLESGIPARFSGSGSGTDFTLNIHPVEEEDAATYYCQQSNEDPWTFGGGTKLEIK,QIQLQQSGPEVVKPGASVKISCKASGYTFTDYYITWVKQKPGQGLEWIGWIYPGSGNTKYNEKFKGKATLTVDTSSSTAFMQLSSLTSEDTAVYFCANYGNYWFAYWGQGTQVTVSA,1,64
Daratumumab,0.0,Human,https://www.ncbi.nlm.nih.gov/pmc/articles/PMC5061540/,EIVLTQSPATLSLSPGERATLSCRASQSVSSYLAWYQQKPGQAPRLLIYDASNRATGIPARFSGSGSGTDFTLTISSLEPEDFAVYYCQQRSNWPPTFGQGTKVEIK,EVQLLESGGGLVQPGGSLRLSCAVSGFTFNSFAMSWVRQAPGKGLEWVSAISGSGGGTYYADSVKGRFTISRDNSKNTLYLQMNSLRAEDTAVYFCAKDKILWFGEPVFDYWGQGTLVTVSS,0,12
Obinutuzumab,6.0,Humanized,https://www.ncbi.nlm.nih.gov/pmc/articles/PMC5061540/,DIVMTQTPLSLPVTPGEPASISCRSSKSLLHSNGITYLYWYLQKPGQSPQLLIYQMSNLVSGVPDRFSGSGSGTDFTLKISRVEAEDVGVYYCAQNLELPYTFGGGTKVEIK,QVQLVQSGAEVKKPGSSVKVSCKASGYAFSYSWINWVRQAPGQGLEWMGRIFPGDGDTDYNGKFKGRVTITADKSTSTAYMELSSLRSEDTAVYYCARNVFDGYWLVYWGQGTLVTVSS,0,25
Dinutuximab,17.0,Chimeric,https://www.ncbi.nlm.nih.gov/pmc/articles/PMC5061540/,EIVMTQSPATLSVSPGERATLSCRSSQSLVHRNGNTYLHWYLQKPGQSPKLLIHKVSNRFSGVPDRFSGSGSGTDFTLKISRVEAEDLGVYFCSQSTHVPPLTFGAGTKLELK,EVQLLQSGPELEKPGASVMISCKASGSSFTGYNMNWVRQNIGKSLEWIGAIDPYYGGTSYNQKFKGRATLTVDKSSSTAYMHLKSLTSEDSAVYYCVSGMEYWGQGTSVTVSS,1,52
Polatuzumab,2.6,Humanized,https://www.ncbi.nlm.nih.gov/pmc/articles/PMC5061540/,DIQLTQSPSSLSASVGDRVTITCKASQSVDYEGDSFLNWYQQKPGKAPKLLIYAASNLESGVPSRFSGSGSGTDFTLTISSLQPEDFATYYCQQSNEDPLTFGQGTKVEIK,EVQLVESGGGLVQPGGSLRLSCAASGYTFSSYWIEWVRQAPGKGLEWIGEILPGGGDTNYNEIFKGRATFSADTSKNTAYLQMNSLRAEDTAVYYCTRRVPIRLDYWGQGTLVTVSS,0,34
Concizumab,17.0,Humanized,https://www.ncbi.nlm.nih.gov/pmc/articles/PMC5061540/,DIVMTQTPLSLSVTPGQPASISCKSSQSLLESDGKTYLNWYLQKPGQSPQLLIYLVSILDSGVPDRFSGSGSGTDFTLKISRVEAEDVGVYYCLQATHFPQTFGGGTKVEIK,EVQLVESGGGLVKPGGSLRLSCAASGFTFSNYAMSWVRQTPEKRLEWVATISRSGSYSYFPDSVQGRFTISRDNAKNSLYLQMNSLRAEDTAVYYCARLGGYDEGDAMDSWGQGTTVTVSS,1,28
Gevokizumab,37.0,Humanized,https://www.ncbi.nlm.nih.gov/pmc/articles/PMC5061540/,DIQMTQSTSSLSASVGDRVTITCRASQDISNYLSWYQQKPGKAVKLLIYYTSKLHSGVPSRFSGSGSGTDYTLTISSLQQEDFATYFCLQGKMLPWTFGQGTKLEIK,QVQLQESGPGLVKPSQTLSLTCSFSGFSLSTSGMGVGWIRQPSGKGLEWLAHIWWDGDESYNPSLKSRLTISKDTSKNQVSLKITSVTAADTAVYFCARNRYDPPWFVDWGQGTLVTVSS,1,42
Lebrikizumab,30.0,Humanized,https://www.ncbi.nlm.nih.gov/pmc/articles/PMC5061540/,DIVMTQSPDSLSVSLGERATINCRASKSVDSYGNSFMHWYQQKPGQPPKLLIYLASNLESGVPDRFSGSGSGTDFTLTISSLQAEDVAVYYCQQNNEDPRTFGGGTKVEIK,QVTLRESGPALVKPTQTLTLTCTVSGFSLSAYSVNWIRQPPGKALEWLAMIWGDGKIVYNSALKSRLTISKDTSKNQVVLTMTNMDPVDTATYYCAGDGYYPYAMDNWGQGSLVTVSS,1,30
Clivatuzumab,10.0,Humanized,https://www.ncbi.nlm.nih.gov/pmc/articles/PMC5061540/,DIQLTQSPSSLSASVGDRVTMTCSASSSVSSSYLYWYQQKPGKAPKLWIYSTSNLASGVPARFSGSGSGTDFTLTISSLQPEDSASYFCHQWNRYPYTFGGGTRLEIK,QVQLQQSGAEVKKPGASVKVSCEASGYTFPSYVLHWVKQAPGQGLEWIGYINPYNDGTQYNEKFKGKATLTRDTSINTAYMELSRLRSDDTAVYYCARGFGGSYGFAYWGQGTLVTVSS,1,49
Talacotuzumab,17.5,Humanized,https://www.ncbi.nlm.nih.gov/pmc/articles/PMC5061540/,DIVMTQSPDSLAVSLGERATINCESSQSLLNSGNQKNYLTWYQQKPGQPPKPLIYWASTRESGVPDRFSGSGSGTDFTLTISSLQAEDVAVYYCQNDYSYPYTFGQGTKLEIK,EVQLVQSGAEVKKPGESLKISCKGSGYSFTDYYMKWARQMPGKGLEWMGDIIPSNGATFYNQKFKGQVTISADKSISTTYLQWSSLKASDTAMYYCARSHLLRASWFAYWGQGTMVTVSS,1,31
Vatelizumab,2.6,Humanized,https://www.ncbi.nlm.nih.gov/pmc/articles/PMC5061540/,DFVMTQSPAFLSVTPGEKVTITCSAQSSVNYIHWYQQKPDQAPKKLIYDTSKLASGVPSRFSGSGSGTDYTFTISSLEAEDAATYYCQQWTTNPLTFGQGTKVEIK,QVQLQESGPGLVKPSETLSLTCTVSGFSLTNYGIHWIRQPPGKGLEWLGVIWARGFTNYNSALMSRLTISKDNSKNQVSLKLSSVTAADTAVYYCARANDGVYYAMDYWGQGTLVTVSS,0,43
Erenumab,2.4,Human,https://www.ncbi.nlm.nih.gov/pmc/articles/PMC6900095/,QSVLTQPPSVSAAPGQKVTISCSGSSSNIGNNYVSWYQQLPGTAPKLLIYDNNKRPSGIPDRFSGSKSGTSTTLGITGLQTGDEADYYCGTWDSRLSAVVFGGGTKLTVL,QVQLVESGGGVVQPGRSLRLSCAASGFTFSSFGMHWVRQAPGKGLEWVAVISFDGSIKYSVDSVKGRFTISRDNSKNTLFLQMNSLRAEDTAVYYCARDRLNYYDSSGYYHYKYYGMAVWGQGTTVTVSS,0,29
Tezepelumab,2.1,Human,https://accp1.onlinelibrary.wiley.com/doi/full/10.1002/cpdd.775,SYVLTQPPSVSVAPGQTARITCGGNNLGSKSVHWYQQKPGQAPVLVVYDDSDRPSWIPERFSGSNSGNTATLTISRGEAGDEADYYCQVWDSSSDHVVFGGGTKLTVL,QMQLVESGGGVVQPGRSLRLSCAASGFTFRTYGMHWVRQAPGKGLEWVAVIWYDGSNKHYADSVKGRFTITRDNSKNTLNLQMNSLRAEDTAVYYCARAPQWELVHEAFDIWGQGTMVTVSS,0,31
Tralokinumab,0.5,Human,https://www.sciencedirect.com/science/article/pii/S0091674918308509,SYVLTQPPSVSVAPGKTARITCGGNIIGSKLVHWYQQKPGQAPVLVIYDDGDRPSGIPERFSGSNSGNTATLTISRVEAGDEADYYCQVWDTGSDPVVFGGGTKLTVL,QVQLVQSGAEVKKPGASVKVSCKASGYTFTNYGLSWVRQAPGQGLEWMGWISANNGDTNYGQEFQGRVTMTTDTSTSTAYMELRSLRSDDTAVYYCARDSSSSWARWFFDLWGRGTLVTVSS,0,26
Berlimatoxumab,0.0,Human,https://www.ema.europa.eu/en/documents/assessment-report/zinplava-epar-public-assessment-report_en.pdf,DIQMTQSPSSLSASVGDRVTITCRASQSINSYLNWYQQKPGKAPKLLIYAASSLQSGVPSRFSGSGSGTDFTLTISSLQPEDFATYYCQQQFDPPFTFGGGTKVEIK,ELQLQESGPGLVKPSETLSLTCTVSGGSISSGSYYWDWIRQPPGKGLEWIGNIYKSGSTYYNPSLKSRVTISVDTSKNQFSLKLSSVTAADTAVYYCARERGMHYMDVWGKGTTVTVSS,0,19
Coltuximab,33.0,Chimeric,https://www.ncbi.nlm.nih.gov/pmc/articles/PMC5557033/,EIVLTQSPAIMSASPGERVTMTCSASSGVNYMHWYQQKPGTSPRRWIYDTSKLASGVPARFSGSGSGTDYSLTISSMEPEDAATYYCHQRGSYTFGGGTKLEIK,QVQLVQPGAEVVKPGASVKLSCKTSGYTFTSNWMHWVKQAPGQGLEWIGEIDPSDSYTNYNQNFQGKAKLTVDKSTSTAYMEVSSLRSDDTAVYYCARGSNPYYYAMDYWGQGTSVTVSS,1,56
Ficlatuzumab,0.0,Humanized,"https://www.ncbi.nlm.nih.gov/pubmed/24901237
https://accp1.onlinelibrary.wiley.com/doi/full/10.1002/cpdd.427",DIVMTQSPDSLAMSLGERVTLNCKASENVVSYVSWYQQKPGQSPKLLIYGASNRESGVPDRFSGSGSATDFTLTISSVQAEDVADYHCGQSYNYPYTFGQGTKLEIK,QVQLVQPGAEVKKPGTSVKLSCKASGYTFTTYWMHWVRQAPGQGLEWIGEINPTNGHTNYNQKFQGRATLTVDKSTSTAYMELSSLRSEDTAVYYCARNYVGSIFDYWGQGTLLTVSS,0,46
Ocaratuzumab,1.0,Humanized,https://n.neurology.org/content/86/16_Supplement/P2.087,EIVLTQSPGTLSLSPGERATLSCRASSSVPYIHWYQQKPGQAPRLLIYATSALASGIPDRFSGSGSGTDFTLTISRLEPEDFAVYYCQQWLSNPPTFGQGTKLEIK,EVQLVQSGAEVKKPGESLKISCKGSGRTFTSYNMHWVRQMPGKGLEWMGAIYPLTGDTSYNQKSKLQVTISADKSISTAYLQWSSLKASDTAMYYCARSTYVGGDWQFDVWGKGTTVTVSS,0,31
Ozanezumab,2.5,Humanized,https://www.ncbi.nlm.nih.gov/pmc/articles/PMC4026380/#pone.0097803.s001,DIVMTQSPLSNPVTLGQPVSISCRSSKSLLYKDGKTYLNWFLQRPGQSPQLLIYLMSTRASGVPDRFSGGGSGTDFTLKISRVEAEDVGVYYCQQLVEYPLTFGQGTKLEIK,QVQLVQSGAEVKKPGASVKVSCKASGYTFTSYWMHWVRQAPGQGLEWIGNINPSNGGTNYNEKFKSKATMTRDTSTSTAYMELSSLRSEDTAVYYCELMQGYWGQGTLVTVSS,0,30
Temelimab,0.0,Humanized,https://www.ncbi.nlm.nih.gov/pubmed/25427053,QIQLTQSPSSLSASVGDRVTITCSASSSVSYMYWYQQKPGKAPKAWIYRTSNLASGVPSRFSGSGSGTDYTLTISSLQPEDFATYYCQQYQSLPLTFGGGTKVEIK,QVQLVQSGAEVKKPGSSVKVSCKASGYTFTDYEMHWVRQAPGQGLEWIGAVAPETGGTAYNQKFKGRATITADKSTSTAYMELSSLRSEDTAVYYCTSTVVPFAYWGQGTLVTVSS,0,33
Veltuzumab,19.5,Humanized,https://onlinelibrary.wiley.com/doi/full/10.1111/bjh.12448,DIQLTQSPSSLSASVGDRVTMTCRASSSVSYIHWFQQKPGKAPKPWIYATSNLASGVPVRFSGSGSGTDYTFTISSLQPEDIATYYCQQWTSNPPTFGGGTKLEIK,QVQLQQSGAEVKKPGSSVKVSCKASGYTFTSYNMHWVKQAPGQGLEWIGAIYPGMGDTSYNQKFKGKATLTADESTNTAYMELSSLRSEDTAFYYCARSTYYGGDWYFDVWGQGTTVTVSS,1,41
Navicixizumab,29.0,Humanized/Chimeric,https://link.springer.com/article/10.1007%2Fs10637-018-0665-y,DIVMTQSPDSLAVSLGERATISCRASESVDNYGISFMKWFQQKPGQPPKLLIYAASNQGSGVPDRFSGSGSGTDFTLTISSLQAEDVAVYYCQQSKEVPWTFGGGTKVEIK,QVQLVQSGAEVKKPGASVKISCKASGYSFTAYYIHWVKQAPGQGLEWIGYISNYNRATNYNQKFKGRVTFTTDTSTSTAYMELRSLRSDDTAVYYCARDYDYDVGMDYWGQGTLVTVSS,1,43
Palivizumab,1.1,Humanized,"https://www.ema.europa.eu/en/documents/product-information/synagis-epar-product-information_en.pdf
https://www.drugsincontext.com/safety-pharmacokinetics-extended-use-palivizumab-saudi-arabian-infants-children/",DIQMTQSPSTLSASVGDRVTITCKCQLSVGYMHWYQQKPGKAPKLLIYDTSKLASGVPSRFSGSGSGTEFTLTISSLQPDDFATYYCFQGSGYPFTFGGGTKLEIK,QVTLRESGPALVKPTQTLTLTCTFSGFSLSTSGMSVGWIRQPPGKALEWLADIWWDDKKDYNPSLKSRLTISKDTSKNQVVLKVTNMDPADTATYYCARSMITNWYFDVWGAGTTVTVSS,0,26
Reslizumab,5.0,Humanized,https://www.sciencedirect.com/science/article/pii/S2213219817307079,DIQMTQSPSSLSASVGDRVTITCLASEGISSYLAWYQQKPGKAPKLLIYGANSLQTGVPSRFSGSGSATDYTLTISSLQPEDFATYYCQQSYKFPNTFGQGTKVEVK,EVQLVESGGGLVQPGGSLRLSCAVSGLSLTSNSVNWIRQAPGKGLEWVGLIWSNGDTDYNSAIKSRFTISRDTSKSTVYLQMNSLRAEDTAVYYCAREYYGYFDYWGQGTLVTVSS,0,36
Naptumomab,72.5,Mouse,"https://www.ncbi.nlm.nih.gov/pmc/articles/PMC2360042/
https://www.ncbi.nlm.nih.gov/pmc/articles/PMC2734423/",SIVMTQTPTSLLVSAGDRVTITCKASQSVSNDVAWYQQKPGQSPKLLISYTSSRYAGVPDRFSGSGYGTDFTLTISSVQAEDAAVYFCQQDYNSPPTFGGGTKLEIK,EVQLQQSGPDLVKPGASVKISCKASGYSFTGYYMHWVKQSPGKGLEWIGRINPNNGVTLYNQKFKDKATLTVDKSSTTAYMELRSLTSEDSAVYYCARSTMITNYVMDYWGQGTSVTVSS,1,66
Xentuzumab,2.3,Human,https://www.nature.com/articles/s41416-020-0774-1,DIVLTQPPSVSGAPGQRVTISCSGSSSNIGSNSVSWYQQLPGTAPKLLIYDNSKRPSGVPDRFSGSKSGTSASLAITGLQSEDEADYYCQSRDTYGYYWVFGGGTKLTVL,QVELVESGGGLVQPGGSLRLSCAASGFTFTSYWMSWVRQAPGKGLELVSSITSYGSFTYYADSVKGRFTISRDNSKNTLYLQMNSLRAEDTAVYYCARNMYTHFDSWGQGTLVTVSS,0,22
Andecaliximab,21.2,Chimeric,https://www.ncbi.nlm.nih.gov/pmc/articles/PMC6113706/,DIQMTQSPSSLSASVGDRVTITCKASQDVRNTVAWYQQKPGKAPKLLIYSSSYRNTGVPDRFSGSGSGTDFTLTISSLQAEDVAVYYCQQHYITPYTFGGGTKVEIK,QVQLQESGPGLVKPSETLSLTCTVSGFSLLSYGVHWVRQPPGKGLEWLGVIWTGGTTNYNSALMSRFTISKDDSKNTVYLKMNSLKTEDTAIYYCARYYYGMDYWGQGTLVTVSS,1,33
Ibalizumab,15.0,Humanized,https://aac.asm.org/content/53/2/450,DIVMTQSPDSLAVSLGERVTMNCKSSQSLLYSTNQKNYLAWYQQKPGQSPKLLIYWASTRESGVPDRFSGSGSGTDFTLTISSVQAEDVAVYYCQQYYSYRTFGGGTKLEIK,QVQLQQSGPEVVKPGASVKMSCKASGYTFTSYVIHWVRQKPGQGLDWIGYINPYNDGTDYDEKFKGKATLTSDTSTSTAYMELSSLRSEDTAVYYCAREKDNYATGAWFAYWGQGTLVTVSS,1,52
Ublituximab,0.0,Chimeric,https://www.tgtherapeutics.com/EHA2013PosterP111.pdf,QIVLSQSPAILSASPGEKVTMTCRASSSVSYMHWYQQKPGSSPKPWIYATSNLASGVPARFSGSGSGTSYSFTISRVEAEDAATYYCQQWTFNPPTFGGGTRLEIK,QAYLQQSGAELVRPGASVKMSCKASGYTFTSYNMHWVKQTPRQGLEWIGGIYPGNGDTSYNQKFKGKATLTVGKSSSTAYMQLSSLTSEDSAVYFCARYDYNYAMDYWGQGTSVTVSS,0,56
Zolbetuximab,0.0,Chimeric,https://www.ejcancer.com/article/S0959-8049(18)30847-5/fulltext#sec2.3.3,DIVMTQSPSSLTVTAGEKVTMSCKSSQSLLNSGNQKNYLTWYQQKPGQPPKLLIYWASTRESGVPDRFTGSGSGTDFTLTISSVQAEDLAVYYCQNDYSYPFTFGSGTKLEIK,QVQLQQPGAELVRPGASVKLSCKASGYTFTSYWINWVKQRPGQGLEWIGNIYPSDSYTNYNQKFKDKATLTVDKSSSTAYMQLSSPTSEDSAVYYCTRSWRGNSFDYWGQGTTLTVSS,0,53
Fontolizumab,7.8,Humanized,https://www.ncbi.nlm.nih.gov/pmc/articles/PMC1856291/,DIQMTQSPSTLSASVGDRVTITCKASENVDTYVSWYQQKPGKAPKLLIYGASNRYTGVPSRFSGSGSGTDFTLTISSLQPDDFATYYCGQSYNYPFTFGQGTKVEVK,QVQLVQSGAELKKPGSSVKVSCKASGYIFTSSWINWVKQAPGQGLEWIGRIDPSDGEVHYNQDFKDKATLTVDKSTNTAYMELSSLRSEDTAVYYCARGFLPWFADWGQGTLVTVSS,0,50
Futuximab,0.0,Chimeric,https://www.ncbi.nlm.nih.gov/pmc/articles/PMC6172077/,DIQMTQTTSSLSASLGDRVTISCRTSQDIGNYLNWYQQKPDGTVKLLIYYTSRLHSGVPSRFSGSGSGTDFSLTINNVEQEDVATYFCQHYNTVPPTFGGGTKLEIK,EVQLQQPGSELVRPGASVKLSCKASGYTFTSYWMHWVKQRPGQGLEWIGNIYPGSRSTNYDEKFKSKATLTVDTSSSTAYMQLSSLTSEDSAVYYCTRNGDYYVSSGDAMDYWGQGTSVTVSS,0,58
Labetuzumab,0.0,Humanized,https://ascopubs.org/doi/full/10.1200/JCO.2017.73.9011?url_ver=Z39.88-2003&rfr_id=ori:rid:crossref.org&rfr_dat=cr_pub%3dpubmed,DIQLTQSPSSLSASVGDRVTITCKASQDVGTSVAWYQQKPGKAPKLLIYWTSTRHTGVPSRFSGSGSGTDFTFTISSLQPEDIATYYCQQYSLYRSFGQGTKVEIK,EVQLVESGGGVVQPGRSLRLSCSASGFDFTTYWMSWVRQAPGKGLEWIGEIHPDSSTINYAPSLKDRFTISRDNAKNTLFLQMDSLRPEDTGVYFCASLYFGFPWFAYWGQGTPVTVSS,0,40
Modotuximab,0.0,Chimeric,https://www.ncbi.nlm.nih.gov/pmc/articles/PMC6172077/,DIVMTQAAFSNPVTLGTSASISCRSSKSLLHSNGITYLYWYLQKPGQSPQLLIYQMSNLASGVPDRFSSSGSGTDFTLRISRVEAEDVGVYYCAQNLELPYTFGGGTKLEIK,QVQLQQPGAELVEPGGSVKLSCKASGYTFTSHWMHWVKQRPGQGLEWIGEINPSSGRNNYNEKFKSKATLTVDKSSSTAYMQFSSLTSEDSAVYYCVRYYGYDEAMDYWGQGTSVTVSS,0,59
Tomuzotuximab,12.5,Chimeric,https://esmoopen.bmj.com/content/3/2/e000303,DILLTQSPVILSVSPGERVSFSCRASQSIGTNIHWYQQRTNGSPRLLIKYASESISGIPSRFSGSGSGTDFTLSINSVESEDIADYYCQQNNNWPTTFGAGTKLELK,QVQLKQSGPGLVQPSQSLSITCTVSGFSLTNYGVHWVRQSPGKGLEWLGVIWSGGNTDYNTPFTSRLSINKDNSKSQVFFKMNSLQSNDTAIYYCARALTYYDYEFAYWGQGTLVTVST,1,64
Tigatuzumab,0.0,Humanized,https://www.ncbi.nlm.nih.gov/pmc/articles/PMC2883819/,DIQMTQSPSSLSASVGDRVTITCKASQDVGTAVAWYQQKPGKAPKLLIYWASTRHTGVPSRFSGSGSGTDFTLTISSLQPEDFATYYCQQYSSYRTFGQGTKVEIK,EVQLVESGGGLVQPGGSLRLSCAASGFTFSSYVMSWVRQAPGKGLEWVATISSGGSYTYYPDSVKGRFTISRDNAKNTLYLQMNSLRAEDTAVYYCARRGDSMITTDYWGQGTLVTVSS,0,27
Gremubamab,2.5,Humanized,https://www.clinicalmicrobiologyandinfection.com/article/S1198-743X(18)30576-7/fulltext,AIQMTQSPSSLSASVGDRVTITCRASQGIRNDLGWYQQKPGKAPKLLIYSASTLQSGVPSRFSGSGSGTDFTLTISSLQPEDFATYCLQDYNYPWTFGQGTKVEIK,EVQLLESGGGLVQPGGSLRLSCAASGFTFSSYAMNWVRQAPGKGLEWVSAITMSGITAYYTDDVKGRFTISRDNSKNTLYLQMNSLRAEDTAVYYCAKEEFLPGTHYYYGMDVWGQGTTVTVSS,0,20
Inclacumab,3.6,Human,https://www.ncbi.nlm.nih.gov/pmc/articles/PMC4461388/,EIVLTQSPATLSLSPGERATLSCRASQSVSSYLAWYQQKPGQAPRLLIYDASNRATGIPARFSGSGSGTDFTLTISSLEPEDFAVYYCQQRSNWPLTFGGGTKVEIK,EVQLVESGGGLVRPGGSLRLSCAASGFTFSNYDMHWVRQATGKGLEWVSAITAAGDIYYPGSVKGRFTISRENAKNSLYLQMNSLRAGDTAVYYCARGRYSGSGSYYNDWFDPWGQGTLVTVSS,0,16
Ponezumab,0.0,Humanized,https://www.ncbi.nlm.nih.gov/pmc/articles/PMC5651443/,DVVMTQSPLSLPVTLGQPASISCKSSQSLLYSDAKTYLNWFQQRPGQSPRRLIYQISRLDPGVPDRFSGSGSGTDFTLKISRVEAEDVGVYYCLQGTHYPVLFGQGTRLEIK,QVQLVQSGAEVKKPGASVKVSCKASGYYTEAYYIHWVRQAPGQGLEWMGRIDPATGNTKYAPRLQDRVTMTRDTSTSTVYMELSSLRSEDTAVYYCASLYSLPVYWGQGTTVTVSS,0,30
Setrusumab,0.0,Human,https://www.ncbi.nlm.nih.gov/pmc/articles/PMC5451251/,DIALTQPASVSGSPGQSITISCTGTSSDVGDINDVSWYQQHPGKAPKLMIYDVNNRPSGVSNRFSGSKSGNTASLTISGLQAEDEADYYCQSYAGSYLSEVFGGGTKLTVL,QVQLVESGGGLVQPGGSLRLSCAASGFTFRSHWLSWVRQAPGKGLEWVSNINYDGSSTYYADSVKGRFTISRDNSKNTLYLQMNSLRAEDTAVYYCARDTYLHFDYWGQGTLVTVSS,0,24
Tremelimumab,0.0,Human,https://translational-medicine.biomedcentral.com/articles/10.1186/1479-5876-10-236,DIQMTQSPSSLSASVGDRVTITCRASQSINSYLDWYQQKPGKAPKLLIYAASSLQSGVPSRFSGSGSGTDFTLTISSLQPEDFATYYCQQYYSTPFTFGPGTKVEIK,QVQLVESGGGVVQPGRSLRLSCAASGFTFSSYGMHWVRQAPGKGLEWVAVIWYDGSNKYYADSVKGRFTISRDNSKNTLYLQMNSLRAEDTAVYYCARDPRGATLYYYYYGMDVWGQGTTVTVSS,0,15
Rovalpituzumab,0.0,Humanized,https://www.ncbi.nlm.nih.gov/pmc/articles/PMC6277321/,EIVMTQSPATLSVSPGERATLSCKASQSVSNDVVWYQQKPGQAPRLLIYYASNRYTGIPARFSGSGSGTEFTLTISSLQSEDFAVYYCQQDYTSPWTFGQGTKLEIK,QVQLVQSGAEVKKPGASVKVSCKASGYTFTNYGMNWVRQAPGQGLEWMGWINTYTGEPTYADDFKGRVTMTTDTSTSTAYMELRSLRSDDTAVYYCARIGDSSPSDYWGQGTLVTVSS,0,31
Fulranumab,2.9,Human,https://journals.lww.com/clinicalpain/FullText/2017/02000/Fulranumab_in_Patients_With_Pain_Associated_With.2.aspx,AIQLTQSPSSLSASVGDRVTITCRASQGISSALAWYQQKPGKAPKLLIYDASSLESGVPSRFSGSGSGTDFTLTISSLQPEDFATYYCQQFNSYPLTFGGGTKVEIK,EVQLVESGGGLVQPGGSLRLSCAASGFTLRSYSMNWVRQAPGKGLEWVSYISRSSHTIFYADSVKGRFTISRDNAKNSLYLQMDSLRDEDTAMYYCARVYSSGWHVSDYFDYWGQGILVTVSS,0,26
Guselkumab,6.0,Human,https://www.accessdata.fda.gov/drugsatfda_docs/label/2017/761061s000lbl.pdf,QSVLTQPPSVSGAPGQRVTISCTGSSSNIGSGYDVHWYQQLPGTAPKLLIYGNSKRPSGVPDRFSGSKSGTSASLAITGLQSEDEADYYCASWTDGLSLVVFGGGTKLTVL,EVQLVQSGAEVKKPGESLKISCKGSGYSFSNYWIGWVRQMPGKGLEWMGIIDPSNSYTRYSPSFQGQVTISADKSISTAYLQWSSLKASDTAMYYCARWYYKPFDVWGQGTLVTVSS,0,17
Galcanezumab,8.7,Humanized,https://n.neurology.org/content/92/15_Supplement/P1.10-017,DIQMTQSPSSLSASVGDRVTITCRASKDISKYLNWYQQKPGKAPKLLIYYTSGYHSGVPSRFSGSGSGTDFTLTISSLQPEDFATYYCQQGDALPPTFGGGTKVEIK,QVQLVQSGAEVKKPGSSVKVSCKASGYTFGNYWMQWVRQAPGQGLEWMGAIYEGTGKTVYIQKFADRVTITADKSTSTAYMELSSLRSEDTAVYYCARLSDYVSGFGYWGQGTTVTVSS,0,36
Inotuzumab,2.0,Humanized,https://link.springer.com/article/10.1186/s41120-018-0021-5,DVQVTQSPSSLSASVGDRVTITCRSSQSLANSYGNTFLSWYLHKPGKAPQLLIYGISNRFSGVPDRFSGSGSGTDFTLTISSLQPEDFATYYCLQGTHQPYTFGQGTKVEIK,EVQLVQSGAEVKKPGASVKVSCKASGYRFTNYWIHWVRQAPGQGLEWIGGINPGNNYATYRRKFQGRVTMTADTSTSTVYMELSSLRSEDTAVYYCTREGYGNYGAWFAYWGQGTLVTVSS,0,34
Netakimab,0.0,Chimeric,https://www.researchgate.net/publication/339210970_Primary_efficacy_of_netakimab_a_novel_interleukin-17_inhibitor_in_the_treatment_of_active_ankylosing_spondylitis_in_adults,EIVLTQSPGTLSLSPGERATLSCRASQSVSSSYLAWYQQKPGQAPRLLIYDASSRATGIPDRFSGSGSGTDFTLTISRLEPEDFAVYYCQQYSYSPVTFGQGTKVEIK,QVQLVQSGGGLVQAGGSLRLSCAASGGTFATSPMGWLRQAPGKGTEFVAAISPSGGDRIYADSVKGRFTISRDNAGYFIYLQMNSLKPEDTAVYYCAVRRRFDGTSYYTGDYDSWGQGTLVTVSS,0,35
Ocrelizumab,1.0,Humanized,https://www.accessdata.fda.gov/drugsatfda_docs/label/2017/761053lbl.pdf,DIQMTQSPSSLSASVGDRVTITCRASSSVSYMHWYQQKPGKAPKPLIYAPSNLASGVPSRFSGSGSGTDFTLTISSLQPEDFATYYCQQWSFNPPTFGQGTKVEIK,EVQLVESGGGLVQPGGSLRLSCAASGYTFTSYNMHWVRQAPGKGLEWVGAIYPGNGDTSYNQKFKGRFTISVDKSKNTLYLQMNSLRAEDTAVYYCARVVYYSNSYWYFDVWGQGTLVTVSS,0,32
Risankizumab,24.0,Humanized,https://www.accessdata.fda.gov/drugsatfda_docs/label/2019/761105s000lbl.pdf,DIQMTQSPSSLSASVGDRVTITCKASRDVAIAVAWYQQKPGKVPKLLIYWASTRHTGVPSRFSGSGSRTDFTLTISSLQPEDVADYFCHQYSSYPFTFGSGTKLEIK,QVQLVQSGAEVKKPGSSVKVSCKASGYTFTDQTIHWMRQAPGQGLEWIGYIYPRDDSPKYNENFKGKVTITADKSTSTAYMELSSLRSEDTAVYYCAIPDRSGYAWFIYWGQGTLVTVSS,1,40
Romosozumab,18.1,Humanized,https://www.accessdata.fda.gov/drugsatfda_docs/label/2019/761062s000lbl.pdf,DIQMTQSPSSLSASVGDRVTITCRASQDISNYLNWYQQKPGKAPKLLIYYTSRLLSGVPSRFSGSGSGTDFTLTISSLQPEDFATYYCQQGDTLPYTFGGGTKVEIK,EVQLVQSGAEVKKPGASVKVSCKASGYTFTDYNMHWVRQAPGQGLEWMGEINPNSGGAGYNQKFKGRVTMTTDTSTSTAYMELRSLRSDDTAVYYCARLGYDDIYDDWYFDVWGQGTTVTVSS,1,27
Sarilumab,3.8,Human,https://www.accessdata.fda.gov/drugsatfda_docs/label/2017/761037s000lbl.pdf,DIQMTQSPSSVSASVGDRVTITCRASQGISSWLAWYQQKPGKAPKLLIYGASSLESGVPSRFSGSGSGTDFTLTISSLQPEDFASYYCQQANSFPYTFGQGTKLEIK,EVQLVESGGGLVQPGRSLRLSCAASRFTFDDYAMHWVRQAPGKGLEWVSGISWNSGRIGYADSVKGRFTISRDNAENSLFLQMNGLRAEDTALYYCAKGRDSFDIWGQGTMVTVSS,0,20
Tildrakizumab,6.5,Humanized,https://www.accessdata.fda.gov/drugsatfda_docs/label/2018/761067s000lbl.pdf,DIQMTQSPSSLSASVGDRVTITCRTSENIYSYLAWYQQKPGKAPKLLIYNAKTLAEGVPSRFSGSGSGTDFTLTISSLQPEDFATYYCQHHYGIPFTFGQGTKVEIK,QVQLVQSGAEVKKPGASVKVSCKASGYIFITYWMTWVRQAPGQGLEWMGQIFPASGSADYNEKFEGRVTMTTDTSTSTAYMELRSLRSDDTAVYYCARGGGGFAYWGQGTLVTVSS,0,32
Toripalimab,1.0,Humanized,https://ard.bmj.com/content/76/6/1078,DVVMTQSPLSLPVTLGQPASISCRSSQSIVHSNGNTYLEWYLQKPGQSPQLLIYKVSNRFSGVPDRFSGSGSGTDFTLKISRVEAEDVGVYYCFQGSHVPLTFGQGTKLEIK,QGQLVQSGAEVKKPGASVKVSCKASGYTFTDYEMHWVRQAPIHGLEWIGVIESETGGTAYNQKFKGRVTITADKSTSTAYMELSSLRSEDTAVYYCAREGITTVATTYYWYFDVWGQGTTVTVSS,0,40
Ravulizumab,0.2,Humanized,https://www.accessdata.fda.gov/drugsatfda_docs/label/2018/761108s000lbl.pdf,DIQMTQSPSSLSASVGDRVTITCGASENIYGALNWYQQKPGKAPKLLIYGATNLADGVPSRFSGSGSGTDFTLTISSLQPEDFATYYCQNVLNTPLTFGQGTKVEIK,QVQLVQSGAEVKKPGASVKVSCKASGHIFSNYWIQWVRQAPGQGLEWMGEILPGSGHTEYTENFKDRVTMTRDTSTSTVYMELSSLRSEDTAVYYCARYFFGSSPNWYFDVWGQGTLVTVSS,0,29
Racotumomab,85.0,Mouse,https://onlinelibrary.wiley.com/doi/abs/10.1002/pbc.25631,DIQMTQTTSSLSASLGDRVTISCRASQDISNYLNWYQQKPDGTVKLLIYYTSRLHSGVPSRFSGSGSGTDYSLTISNLEQEDIATYFCQQGNTLPWTFGGGTKLEIK,QVQLQQSGAELVKPGASVKLSCKASGYTFTSYDINWVRQRPEQGLEWIGWIFPGDGSTKYNEKFKGKATLTTDKSSSTAYMQLSRLTSEDSAVYFCAREDYYDNSYYFDYWGQGTTLTVSS,1,53
Aducanumab,5.0,Human,https://www.ncbi.nlm.nih.gov/pmc/articles/PMC5651340/,DIQMTQSPSSLSASVGDRVTITCRASQSISSYLNWYQQKPGKAPKLLIYAASSLQSGVPSRFSGSGSGTDFTLTISSLQPEDFATYYCQQSYSTPLTFGGGTKVEIK,QVQLVESGGGVVQPGRSLRLSCAASGFAFSSYGMHWVRQAPGKGLEWVAVIWFDGTKKYYTDSVKGRFTISRDNSKNTLYLQMNTLRAEDTAVYYCARDRGIGARRGPYYMDVWGKGTTVTVSS,0,21
Anifrolumab,3.3,Human,https://ard.bmj.com/content/76/Suppl_2/870.2,EIVLTQSPGTLSLSPGERATLSCRASQSVSSSFFAWYQQKPGQAPRLLIYGASSRATGIPDRLSGSGSGTDFTLTITRLEPEDFAVYYCQQYDSSAITFGQGTRLEIK,EVQLVQSGAEVKKPGESLKISCKGSGYIFTNYWIAWVRQMPGKGLESMGIIYPGDSDIRYSPSFQGQVTISADKSITTAYLQWSSLKASDTAMYYCARHDIEGFDYWGRGTLVTVSS,0,30
Bococizumab,25.5,Humanized,https://www.ncbi.nlm.nih.gov/pubmed/31529318,DIQMTQSPSSLSASVGDRVTITCRASQGISSALAWYQQKPGKAPKLLIYSASYRYTGVPSRFSGSGSGTDFTFTISSLQPEDIATYYCQQRYSLWRTFGQGTKLEIK,QVQLVQSGAEVKKPGASVKVSCKASGYTFTSYYMHWVRQAPGQGLEWMGEISPFGGRTNYNEKFKSRVTMTRDTSTSTVYMELSSLRSEDTAVYYCARERPLYASDLWGQGTTVTVSS,1,23
Bimekizumab,12.8,Humanized,https://www.ncbi.nlm.nih.gov/pmc/articles/PMC5401985/,AIQLTQSPSSLSASVGDRVTITCRADESVRTLMHWYQQKPGKAPKLLIYLVSNSEIGVPDRFSGSGSGTDFRLTISSLQPEDFATYYCQQTWSDPWTFGQGTKVEIK,EVQLVESGGGLVQPGGSLRLSCAASGFTFSDYNMAWVRQAPGKGLEWVATITYEGRNTYYRDSVKGRFTISRDNAKNSLYLQMNSLRAEDTAVYYCASPPQYYEGSIYRLWFAHWGQGTLVTVSS,1,39
Birtamimab,0.0,Humanized/Chimeric,https://www.ncbi.nlm.nih.gov/pmc/articles/PMC5470113/,DVVMTQSPLSLPVTPGEPASISCRSSQSLVHSTGNTYLHWYLQKPGQSPQLLIYKVSNRFSGVPDRFSGSGSGTDFTLKISRVEAEDVGVYYCSQSTHVPFTFGGGTKVEIK,EVQLVESGGGLVQPGGSLRLSCAASGFTFNTYAMYWIRQAPGKGLEWVARIRSKSNNYAIYYADSVKDRFTISRDDSKNSLYLQMNSLKTEDTAVYYCARPYSDSFAYWGQGTLVTVSS,0,35
Brazikumab,2.5,Human,https://www.gastrojournal.org/article/S0016-5085(17)35401-X/fulltext?referrer=https%3A%2F%2Fwww.ncbi.nlm.nih.gov%2F,QSVLTQPPSVSGAPGQRVTISCTGSSSNTGAGYDVHWYQQVPGTAPKLLIYGSGNRPSGVPDRFSGSKSGTSASLAITGLQAEDEADYYCQSYDSSLSGWVFGGGTRLTVL,QVQLVESGGGVVQPGRSLRLSCAASGFTFSSYGMHWVRQAPGKGLEWVAVIWYDGSNEYYADSVKGRFTISRDNSKNTLYLQMNSLRAEDTAVYYCARDRGYTSSWYPDAFDIWGQGTMVTVSS,0,23
Clazakizumab,1.8,Humanized,https://onlinelibrary.wiley.com/doi/full/10.1002/art.39700,AIQMTQSPSSLSASVGDRVTITCQASQSINNELSWYQQKPGKAPKLLIYRASTLASGVPSRFSGSGSGTDFTLTISSLQPDDFATYYCQQGYSLRNIDNAFGGGTKVEIK,EVQLVESGGGLVQPGGSLRLSCAASGFSLSNYYVTWVRQAPGKGLEWVGIIYGSDETAYATSAIGRFTISRDNSKNTLYLQMNSLRAEDTAVYYCARDDSSDWDAKFNLWGQGTLVTVSS,0,44
Crenezumab,0.0,Humanized,https://www.ncbi.nlm.nih.gov/pmc/articles/PMC5962917/,DIVMTQSPLSLPVTPGEPASISCRSSQSLVYSNGDTYLHWYLQKPGQSPQLLIYKVSNRFSGVPDRFSGSGSGTDFTLKISRVEAEDVGVYYCSQSTHVPWTFGQGTKVEIK,EVQLVESGGGLVQPGGSLRLSCAASGFTFSSYGMSWVRQAPGKGLELVASINSNGGSTYYPDSVKGRFTISRDNAKNSLYLQMNSLRAEDTAVYYCASGDYWGQGTTVTVSS,0,24
Depatuxizumab,5.0,Humanized/Chimeric,https://www.ncbi.nlm.nih.gov/pmc/articles/PMC6303422/,DIQMTQSPSSMSVSVGDRVTITCHSSQDINSNIGWLQQKPGKSFKGLIYHGTNLDDGVPSRFSGSGSGTDYTLTISSLQPEDFATYYCVQYAQFPWTFGGGTKLEIK,QVQLQESGPGLVKPSQTLSLTCTVSGYSISSDFAWNWIRQPPGKGLEWMGYISYSGNTRYQPSLKSRITISRDTSKNQFFLKLNSVTAADTATYYCVTAGRGFPYWGQGTLVTVSS,0,48
Etrolizumab,5.0,Humanized,https://www.gastrojournal.org/article/S0016-5085(13)01659-4/fulltext,DIQMTQSPSSLSASVGDRVTITCRASESVDDLLHWYQQKPGKAPKLLIKYASQSISGVPSRFSGSGSGTDFTLTISSLQPEDFATYYCQQGNSLPNTFGQGTKVEIK,EVQLVESGGGLVQPGGSLRLSCAASGFFITNNYWGWVRQAPGKGLEWVGYISYSGSTSYNPSLKSRFTISRDTSKNTFYLQMNSLRAEDTAVYYCARTGSSGYFDFWGQGTLVTVSS,0,27
Ganitumab,5.2,Human,https://www.ncbi.nlm.nih.gov/pmc/articles/PMC4029434/,DVVMTQSPLSLPVTPGEPASISCRSSQSLLHSNGYNYLDWYLQKPGQSPQLLIYLGSNRASGVPDRFSGSGSGTDFTLKISRVEAEDVGVYYCMQGTHWPLTFGQGTKVEIK,QVQLQESGPGLVKPSGTLSLTCAVSGGSISSSNWWSWVRQPPGKGLEWIGEIYHSGSTNYNPSLKSRVTISVDKSKNQFSLKLSSVTAADTAVYYCARWTGRTDAFDIWGQGTMVTVSS,0,4
Glembatumumab,3.8,Human,"https://www.ncbi.nlm.nih.gov/pmc/articles/PMC4879709/
https://acsjournals.onlinelibrary.wiley.com/doi/full/10.1002/cncr.31892",EIVMTQSPATLSVSPGERATLSCRASQSVDNNLVWYQQKPGQAPRLLIYGASTRATGIPARFSGSGSGTEFTLTISSLQSEDFAVYYCQQYNNWPPWTFGQGTKVEIK,QVQLQESGPGLVKPSQTLSLTCTVSGGSISSFNYYWSWIRHHPGKGLEWIGYIYYSGSTYSNPSLKSRVTISVDTSKNQFSLTLSSVTAADTAVYYCARGYNWNYFDYWGQGTLVTVSS,0,20
Ligelizumab,6.3,Humanized,https://www.ncbi.nlm.nih.gov/pmc/articles/PMC4278557/,EIVMTQSPATLSVSPGERATLSCRASQSIGTNIHWYQQKPGQAPRLLIYYASESISGIPARFSGSGSGTEFTLTISSLQSEDFAVYYCQQSWSWPTTFGGGTKVEIK,QVQLVQSGAEVMKPGSSVKVSCKASGYTFSWYWLEWVRQAPGHGLEWMGEIDPGTFTTNYNEKFKARVTFTADTSTSTAYMELSSLRSEDTAVYYCARFSHFSGSNYDYFDYWGQGTLVTVSS,0,44
Motavizumab,1.5,Humanized,https://www.nature.com/articles/pr2011155,DIQMTQSPSTLSASVGDRVTITCSASSRVGYMHWYQQKPGKAPKLLIYDTSKLASGVPSRFSGSGSGTEFTLTISSLQPDDFATYYCFQGSGYPFTFGGGTKVEIK,QVTLRESGPALVKPTQTLTLTCTFSGFSLSTAGMSVGWIRQPPGKALEWLADIWWDDKKHYNPSLKDRLTISKDTSKNQVVLKVTNMDPADTATYYCARDMIFNFYFDVWGQGTTVTVSS,0,27
Nirsevimab,28.0,Humanized,https://www.ncbi.nlm.nih.gov/pmc/articles/PMC6133204/,DIQMTQSPSSLSAAVGDRVTITCQASQDIVNYLNWYQQKPGKAPKLLIYVASNLETGVPSRFSGSGSGTDFSLTISSLQPEDVATYYCQQYDNLPLTFGGGTKVEIK,QVQLVQSGAEVKKPGSSVMVSCQASGGLLEDYIINWVRQAPGQGPEWMGGIIPVLGTVHYGPKFQGRVTITADESTDTAYMELSSLRSEDTAMYYCATETALVVSETYLPHYFDNWGQGTLVTVSS,1,42
Olokizumab,9.8,Humanized,https://www.researchgate.net/publication/260914567_Efficacy_and_safety_of_olokizumab_in_patients_with_rheumatoid_arthritis_with_an_inadequate_response_to_TNF_inhibitor_therapy_Outcomes_of_a_randomised_Phase_IIb_study,DIQMTQSPSSLSASVGDRVTITCQASQDIGISLSWYQQKPGKAPKLLIYNANNLADGVPSRFSGSGSGTDFTLTISSLQPEDFATYYCLQHNSAPYTFGQGTKLEIK,EVQLVESGGGLVQPGGSLRLSCAASGFNFNDYFMNWVRQAPGKGLEWVAQMRNKNYQYGTYYAESLEGRFTISRDDSKNSLYLQMNSLKTEDTAVYYCARESYYGFTSYWGQGTLVTVSS,0,32
Onartuzumab,11.9,Humanized,https://clincancerres.aacrjournals.org/content/20/6/1666.long,DIQMTQSPSSLSASVGDRVTITCKSSQSLLYTSSQKNYLAWYQQKPGKAPKLLIYWASTRESGVPSRFSGSGSGTDFTLTISSLQPEDFATYYCQQYYAYPWTFGQGTKVEIK,EVQLVESGGGLVQPGGSLRLSCAASGYTFTSYWLHWVRQAPGKGLEWVGMIDPSNSDTRFNPNFKDRFTISADTSKNTAYLQMNSLRAEDTAVYYCATYRSYVTPLDYWGQGTLVTVSS,1,31
Pamrevlumab,0.0,Human,https://www.sciencedirect.com/science/article/pii/S2213260019302620,DIQMTQSPSSLSASVGDRVTITCRASQGISSWLAWYQQKPEKAPKSLIYAASSLQSGVPSRFSGSGSGTDFTLTISSLQPEDFATYYCQQYNSYPPTFGQGTKLEIK,EGQLVQSGGGLVHPGGSLRLSCAGSGFTFSSYGMHWVRQAPGKGLEWVSGIGTGGGTYSTDSVKGRFTISRDNAKNSLYLQMNSLRAEDMAVYYCARGDYYGSGSFFDCWGQGTLVTVSS,0,20
Roledumab,0.0,Human,https://onlinelibrary.wiley.com/doi/full/10.1111/j.1423-0410.2012.01603.x,AIRMTQSPSSFSASTGDRVTITCRASQDIRNYVAWYQQKSGKAPKFLIYAASTLQSGVPSRFSGSGSGTDFTLTINSLQSEDFATYYCQQYYNSPPTFGQGTRVEIT,QVQLVESGGGVVQPGRSLRLSCTASGFTFKNYAMHWVRQAPAKGLEWVATISYDGRNIQYADSVKGRFTFSRDNSQDTLYLQLNSLRPEDTAVYYCARPVRSRWLQLGLEDAFHIWGQGTMVTVSS,0,50
Sirukumab,2.9,Human,https://www.fda.gov/media/106879/download,EIVLTQSPATLSLSPGERATLSCSASISVSYMYWYQQKPGQAPRLLIYDMSNLASGIPARFSGSGSGTDFTLTISSLEPEDFAVYYCMQWSGYPYTFGGGTKVEIK,EVQLVESGGGLVQPGGSLRLSCAASGFTFSPFAMSWVRQAPGKGLEWVAKISPGGSWTYYSDTVTGRFTISRDNAKNSLYLQMNSLRAEDTAVYYCARQLWGYYALDIWGQGTTVTVSS,0,29
Solanezumab,3.5,Humanized,https://www.sciencedirect.com/science/article/pii/S1552526015021482?via%3Dihub,DVVMTQSPLSLPVTLGQPASISCRSSQSLIYSDGNAYLHWFLQKPGQSPRLLIYKVSNRFSGVPDRFSGSGSGTDFTLKISRVEAEDVGVYYCSQSTHVPWTFGQGTKVEIK,EVQLVESGGGLVQPGGSLRLSCAASGFTFSRYSMSWVRQAPGKGLELVAQINSVGNSTYYPDTVKGRFTISRDNAKNTLYLQMNSLRAEDTAVYYCASGDYWGQGTLVTVSS,0,29
Suptavumab,5.0,Human,https://academic.oup.com/ofid/article/2/suppl_1/912/2635143,EIVMTQSPATLSVSPGERATLSCRASQTILSNLAWYLQKPGQAPRLLIYGASTRATGLPARFSGSGSGTEFTLTISSLQSEDFAVYYCQQYNNWPLTFGGGTKVEIK,EVQLVESGGDLVQPGRSLRLSCVASGFTFDDYAMHWVRQAPGKGLEWVSGVSWSGSTVGYADSVKGRFTVSRDNAQKSLYLQMNSLRAEDTALYYCVKDAYKFNYYYYGLDVWGQGTTVTVSS,0,34
Sutimlimab,8.0,Humanized/Chimeric,https://www.ncbi.nlm.nih.gov/pmc/articles/PMC6175298/,QIVLTQSPATLSLSPGERATMSCTASSSVSSSYLHWYQQKPGKAPKLWIYSTSNLASGVPSRFSGSGSGTDYTLTISSLQPEDFATYYCHQYYRLPPITFGQGTKLEIK,EVQLVESGGGLVKPGGSLRLSCAASGFTFSNYAMSWVRQAPGKGLEWVATISSGGSHTYYLDSVKGRFTISRDNSKNTLYLQMNSLRAEDTALYYCARLFTGYAMDYWGQGTLVTVSS,0,25
Tabalumab,4.4,Human,https://www.ncbi.nlm.nih.gov/pmc/articles/PMC4623366/,EIVLTQSPATLSLSPGERATLSCRASQSVSRYLAWYQQKPGQAPRLLIYDASNRATGIPARFSGSGSGTDSTLTISSLEPEDFAVYYCQQRSNWPRTFGQGTKVEIK,QVQLQQWGAGLLKPSETLSLTCAVYGGSFSGYYWSWIRQPPGKGLEWIGEINHSGSTNYNPSLKSRVTISVDTSKNQFSLKLSSVTAADTAVYYCARGYYDILTGYYYYFDYWGQGTLVTVSS,0,16
Abrilumab,0.4,Human,https://www.gastrojournal.org/article/S0016-5085(18)35283-1/fulltext?referrer=https%3A%2F%2Fwww.ncbi.nlm.nih.gov%2F,DIQMTQSPSSVSASVGDRVTITCRASQGISSWLAWYQQKPGKAPKLLIYGASNLESGVPSRFSGSGSGTDFTLTISSLQPEDFANYYCQQANSFPWTFGQGTKVEIK,QVQLVQSGAEVKKPGASVKVSCKVSGYTLSDLSIHWVRQAPGKGLEWMGGFDPQDGETIYAQKFQGRVTMTEDTSTDTAYMELSSLKSEDTAVYYCATGSSSSWFDPWGQGTLVTVSS,0,19
Amatuximab,29.2,Chimeric,https://www.ncbi.nlm.nih.gov/pmc/articles/PMC3057907/,DIELTQSPAIMSASPGEKVTMTCSASSSVSYMHWYQQKSGTSPKRWIYDTSKLASGVPGRFSGSGSGNSYSLTISSVEAEDDATYYCQQWSKHPLTFGSGTKVEIK,QVQLQQSGPELEKPGASVKISCKASGYSFTGYTMNWVKQSHGKSLEWIGLITPYNGASSYNQKFRGKATLTVDKSSSTAYMDLLSLTSEDSAVYFCARGGYDGRGFDYWGSGTPVTVSS,1,64
Bleselumab,2.2,Human,https://www.ncbi.nlm.nih.gov/pmc/articles/PMC6972670/#ajt15560-sup-0005,AIQLTQSPSSLSASVGDRVTITCRASQGISSALAWYQQKPGKAPKLLIYDASNLESGVPSRFSGSGSGTDFTLTISSLQPEDFATYYCQQFNSYPTFGQGTKVEIK,QLQLQESGPGLLKPSETLSLTCTVSGGSISSPGYYGGWIRQPPGKGLEWIGSIYKSGSTYHNPSLKSRVTISVDTSKNQFSLKLSSVTAADTAVYYCTRPVVRYFGWFDPWGQGTLVTVSS,0,21
Cendakimab,3.0,Humanized,https://www.gastrojournal.org/article/S0016-5085(18)35208-9/fulltext?referrer=https%3A%2F%2Fwww.ncbi.nlm.nih.gov%2F,DIQMTQSPSSLSASVGDRVTISCRASQDIRNYLNWYQQKPGKAPKLLIFYTSKLHSGVPSRFSGSGSGTDYTLTISSLQPEDIATYYCQQGNTLPLTFGGGTKVEIK,EVTLRESGPGLVKPTQTLTLTCTLYGFSLSTSDMGVDWIRQPPGKGLEWLAHIWWDDVKRYNPALKSRLTISKDTSKNQVVLKLTSVDPVDTATYYCARTVSSGYIYYAMDYWGQGTLVTVSS,0,40
Cinpanemab,0.0,Humanized,https://www.ncbi.nlm.nih.gov/pmc/articles/PMC6771554/,SYELTQPPSVSVSPGQTARITCSGEALPMQFAHWYQQRPGKAPVIVVYKDSERPSGVPERFSGSSSGTTATLTITGVQAEDEADYYCQSPDSTNTYEVFGGGTKLTVL,EVQLVESGGGLVEPGGSLRLSCAVSGFDFEKAWMSWVRQAPGQGLQWVARIKSTADGGTTSYAAPVEGRFIISRDDSRNMLYLQMNSLKTEDTAVYYCTSAHWGQGTLVTVSS,0,44
Conatumumab,0.0,Human,https://link.springer.com/article/10.1007/s00280-010-1544-1,EIVLTQSPGTLSLSPGERATLSCRASQGISRSYLAWYQQKPGQAPSLLIYGASSRATGIPDRFSGSGSGTDFTLTISRLEPEDFAVYYCQQFGSSPWTFGQGTKVEIK,QVQLQESGPGLVKPSQTLSLTCTVSGGSISSGDYFWSWIRQLPGKGLEWIGHIHNSGTTYYNPSLKSRVTISVDTSKKQFSLRLSSVTAADTAVYYCARDRGGDYYYGMDVWGQGTTVTVSS,0,23
Dacetuzumab,0.0,Humanized,https://jhoonline.biomedcentral.com/articles/10.1186/1756-8722-7-44,DIQMTQSPSSLSASVGDRVTITCRSSQSLVHSNGNTFLHWYQQKPGKAPKLLIYTVSNRFSGVPSRFSGSGSGTDFTLTISSLQPEDFATYFCSQTTHVPWTFGQGTKVEIK,EVQLVESGGGLVQPGGSLRLSCAASGYSFTGYYIHWVRQAPGKGLEWVARVIPNAGGTSYNQKFKGRFTLSVDNSKNTAYLQMNSLRAEDTAVYYCAREGIYWWGQGTLVTVSS,0,34
Dalotuzumab,0.0,Humanized,https://www.ncbi.nlm.nih.gov/pmc/articles/PMC3753462/,DIVMTQSPLSLPVTPGEPASISCRSSQSIVHSNGNTYLQWYLQKPGQSPQLLIYKVSNRLYGVPDRFSGSGSGTDFTLKISRVEAEDVGVYYCFQGSHVPWTFGQGTKVEIK,QVQLQESGPGLVKPSETLSLTCTVSGYSITGGYLWNWIRQPPGKGLEWIGYISYDGTNNYKPSLKDRVTISRDTSKNQFSLKLSSVTAADTAVYYCARYGRVFFDYWGQGTLVTVSS,0,28
Dapirolizumab,8.9,Humanized,https://journals.sagepub.com/doi/full/10.1177/0961203315574558,DIQMTQSPSSLSASVGDRVTITCRASEDLYYNLAWYQRKPGKAPKLLIYDTYRLADGVPSRFSGSGSGTDYTLTISSLQPEDFASYYCQQYYKFPFTFGQGTKVEIK,EVQLVESGGGLVQPGGSLRLSCAVSGFSSTNYHVHWVRQAPGKGLEWMGVIWGDGDTSYNSVLKSRFTISRDTSKNTVYLQMNSLRAEDTAVYYCARQLTHYYVLAAWGQGTLVTVSS,0,36
Disitamab,58.6,Humanized,https://www.sciencedirect.com/science/article/pii/S0378427419304217?via%3Dihub,DIQMTQSPSSVSASVGDRVTITCKASQDVGTAVAWYQQKPGKAPKLLIYWASIRHTGVPSRFSGSGSGTDFTLTISSLQPEDFATYYCHQFATYTFGGGTKVEIK,EVQLVQSGAEVKKPGATVKISCKVSGYTFTDYYIHWVQQAPGKGLEWMGRVNPDHGDSYYNQKFKDKATITADKSTDTAYMELSSLRSEDTAVYFCARNYLFDHWGQGTLVTVSS,1,35
Dusigitumab,0.0,Human,https://www.ncbi.nlm.nih.gov/pmc/articles/PMC4377301/,QSVLTQPPSVSAAPGQKVTISCSGSSSNIENNHVSWYQQLPGTAPKLLIYDNNKRPSGIPDRFSGSKSGTSATLGITGLQTGDEADYYCETWDTSLSAGRVFGGGTKLTVL,QVQLVQSGAEVKKPGASVKVSCKASGYTFTSYDINWVRQATGQGLEWMGWMNPNSGNTGYAQKFQGRVTMTRNTSISTAYMELSSLRSEDTAVYYCARDPYYYYYGMDVWGQGTTVTVSS,0,12
Eldelumab,0.0,Human,https://www.ncbi.nlm.nih.gov/pmc/articles/PMC4946756/,EIVLTQSPGTLSLSPGERATLSCRASQSVSSSYLAWYQQKPGQAPRLLIYGASSRATGIPDRFSGSGSGTDFTLTISRLEPEDFAVYYCQQYGSSPIFTFGPGTKVDIK,QMQLVESGGGVVQPGRSLRLSCTASGFTFSNNGMHWVRQAPGKGLEWVAVIWFDGMNKFYVDSVKGRFTISRDNSKNTLYLEMNSLRAEDTAIYYCAREGDGSGIYYYYGMDVWGQGTTVTVSS,0,16
Emibetuzumab,0.0,Humanized,https://clincancerres.aacrjournals.org/content/23/8/1910,DIQMTQSPSSLSASVGDRVTITCSVSSSVSSIYLHWYQQKPGKAPKLLIYSTSNLASGVPSRFSGSGSGTDFTLTISSLQPEDFATYYCQVYSGYPLTFGGGTKVEIK,QVQLVQSGAEVKKPGASVKVSCKASGYTFTDYYMHWVRQAPGQGLEWMGRVNPNRRGTTYNQKFEGRVTMTTDTSTSTAYMELRSLRSDDTAVYYCARANWLDYWGQGTTVTVSS,0,24
Enokizumab,9.0,Humanized,https://respiratory-research.biomedcentral.com/articles/10.1186/1465-9921-14-93,DIQMTQSPSSLSASVGDRVTITCKASQHVITHVTWYQQKPGKAPKLLIYGTSYSYSGVPSRFSGSGSGTDFTLTISSLQPEDFATYYCQQFYEYPLTFGGGTKVEIK,QVQLVQSGAEVKKPGSSVKVSCKASGGTFSYYWIEWVRQAPGQGLEWMGEILPGSGTTNPNEKFKGRVTITADESTSTAYMELSSLRSEDTAVYYCARADYYGSDYVKFDYWGQGTLVTVSS,0,37
Fletikumab,1.7,Human,https://link.springer.com/article/10.1007/s12325-015-0191-7,AIQLTQSPSSLSASVGDRVTITCRASQGISSALAWYQQKPGKAPKLLIYDASSLESGVPSRFSGSGSGTDFTLTISSLQPEDFATYYCQQFNSYPLTFGGGTKVEIK,QVQLVQSGAEVKRPGASVKVSCKASGYTFTNDIIHWVRQAPGQRLEWMGWINAGYGNTQYSQNFQDRVSITRDTSASTAYMELISLRSEDTAVYYCAREPLWFGESSPHDYYGMDVWGQGTTVTVSS,0,21
Frovocimab,6.5,Humanized,https://www.ncbi.nlm.nih.gov/pmc/articles/PMC4852062/,DIVMTQSPLSLPVTPGEPASISCRSSKSLLHRNGITYSYWYLQKPGQSPQLLIYQLSNLASGVPDRFSGSGSGTDFTLKISRVEAEDVGVYYCYQNLELPLTFGQGTKVEIK,EVQLVESGGGLVKPGGSLRLSCAASGFPFSKLGMVWVRQAPGKGLEWVSTISSGGGYTYYPDSVKGRFTISRDNAKNSLYLQMNSLRAEDTAVYYCAREGISFQGGTYTYVMDYWGQGTLVTVSS,0,31
Galiximab,0.0,Chimeric,https://www.annalsofoncology.org/article/S0923-7534(19)41214-3/fulltext,ESALTQPPSVSGAPGQKVTISCTGSTSNIGGYDLHWYQQLPGTAPKLLIYDINKRPSGISDRFSGSKSGTAASLAITGLQTEDEADYYCQSYDSSLNAQVFGGGTRLTVL,QVQLQESGPGLVKPSETLSLTCAVSGGSISGGYGWGWIRQPPGKGLEWIGSFYSSSGNTYYNPSLKSQVTISTDTSKNQFSLKLNSMTAADTAVYYCVRDRLFSVVGMVYNNWFDVWGPGVLVTVSS,0,48
Gancotamab,2.9,Human,https://www.ncbi.nlm.nih.gov/pmc/articles/PMC6219487/,QSVLTQPPSVSGAPGQRVTISCTGSSSNIGAGYGVHWYQQLPGTAPKLLIYGNTNRPSGVPDRFSGFKSGTSASLAITGLQAEDEADYYCQSYDSSLSGWVFGGGTKLTVL,QVQLVESGGGLVQPGGSLRLSCAASGFTFRSYAMSWVRQAPGKGLEWVSAISGRGDNTYYADSVKGRFTISRDNSKNTLYLQMNSLRAEDTAVYYCAKMTSNAFAFDYWGQGTLVTVSS,0,26
Gedivumab,1.0,Human,https://www.ncbi.nlm.nih.gov/pmc/articles/PMC5655070/,EIVLTQSPATLSVSPGERATLSCRASQVISHNLAWYQQKPGQAPRLLIYGASTRASGIPARFSGSGSGTDYTLTITSLQSEDFAVYYCQHYSNWPPRLTFGGGTKVEIK,EVQLVESGGGVVQPGKSLRLSCAASGLTFSSYAVHWVRQAPGKGLEWVTLISYDGANQYYADSVKGRFTISRDNSKNTVYLQMNSLRPEDTAVYYCAVPGPVFGIFPPWSYFDNWGQGILVTVSS,0,43
Gosuranemab,6.2,Chimeric,https://www.ncbi.nlm.nih.gov/pmc/articles/PMC6298197/,DVVMTQSPLSLPVTLGQPASISCKSSQSIVHSNGNTYLEWYLQKPGQSPQLLVYKVSNRFSGVPDRFSGSGSGTDFTLKISRVEAEDVGTYYCFQGSLVPWAFGGGTKVEIK,EVHLVESGGALVKPGGSLRLSCAASGFSFSKYGMSWVRQAPGKGLEWVATISSSGSRTYYPDSVKGRFTISRDNAKNTLYLQMNSLRAEDTAMYYCSISWDGAMDYWGQGTTVTVSS,0,32
Icrucumab,0.0,Human,https://link.springer.com/article/10.1007/s10637-013-9998-8,EIVLTQSPGTLSLSPGERATLSCRASQSVSSSYLAWYQQKPGQAPRLLIYGASSRATGIPDRFSGSGSGTDFTLTISRLEPEDFAVYYCQQYGSSPLTFGGGTKVEIK,QAQVVESGGGVVQSGRSLRLSCAASGFAFSSYGMHWVRQAPGKGLEWVAVIWYDGSNKYYADSVRGRFTISRDNSENTLYLQMNSLRAEDTAVYYCARDHYGSGVHHYFYYGLDVWGQGTTVTVSS,0,25
Imalumab,7.4,Human,https://bpspubs.onlinelibrary.wiley.com/doi/full/10.1111/bcp.14289,DIQMTQSPSSLSASVGDRVTITCRSSQRIMTYLNWYQQKPGKAPKLLIFVASHSQSGVPSRFRGSGSETDFTLTISGLQPEDSATYYCQQSFWTPLTFGGGTKVEIK,EVQLLESGGGLVQPGGSLRLSCAASGFTFSIYSMNWVRQAPGKGLEWVSSIGSSGGTTYYADSVKGRFTISRDNSKNTLYLQMNSLRAEDTAVYYCAGSQWLYGMDVWGQGTTVTVSS,0,32
Indusatumab,0.0,Human,https://clincancerres.aacrjournals.org/content/22/20/5049,EIVMTQSPATLSVSPGERATLSCRASQSVSRNLAWYQQKPGQAPRLLIYGASTRATGIPARFSGSGSGTEFTLTIGSLQSEDFAVYYCQQYKTWPRTFGQGTNVEIK,QVQLQQWGAGLLKPSETLSLTCAVFGGSFSGYYWSWIRQPPGKGLEWIGEINHRGNTNDNPSLKSRVTISVDTSKNQFALKLSSVTAADTAVYYCARERGYTYGNFDHWGQGTLVTVSS,0,29
Etaracizumab,0.0,Humanized,https://link.springer.com/article/10.1007%2Fs10637-007-9077-0,EIVLTQSPATLSLSPGERATLSCQASQSISNFLHWYQQRPGQAPRLLIRYRSQSISGIPARFSGSGSGTDFTLTISSLEPEDFAVYYCQQSGSWPLTFGGGTKVEIK,QVQLVESGGGVVQPGRSLRLSCAASGFTFSSYDMSWVRQAPGKGLEWVAKVSSGGGSTYYLDTVQGRFTISRDNSKNTLYLQMNSLRAEDTAVYYCARHLHGSFASWGQGTTVTVSS,0,34
Iscalimab,1.8,Human,https://onlinelibrary.wiley.com/doi/full/10.1111/ajt.15661,DIVMTQSPLSLTVTPGEPASISCRSSQSLLYSNGYNYLDWYLQKPGQSPQVLISLGSNRASGVPDRFSGSGSGTDFTLKISRVEAEDVGVYYCMQARQTPFTFGPGTKVDIR,QVQLVESGGGVVQPGRSLRLSCAASGFTFSSYGMHWVRQAPGKGLEWVAVISYEESNRYHADSVKGRFTISRDNSKITLYLQMNSLRTEDTAVYYCARDGGIAAPGPDYWGQGTLVTVSS,0,25
Levilimab,0.0,Humanized/Chimeric,https://adisinsight.springer.com/drugs/800049269,DIQLTQSPSSVSVSVGERVTIDCKSSQSVLSASNTYLNWYQQKPGQAPQLLIYYASTRESGVPDRFSGSGSGTDFTLTISSLQAEDAAVYYCQQAYRAPVTFGQGTKLEIK,QVQLVQSGGGLVQPGGSLRLSCAASGFTFSSYYMSWVRQAPGKGLEWVSGIYSDGTTHYGDSVKGRFTISRDNAKNTVYLQLNSLRAEDTAMYYCAKGAGPTWWYALDAWGQGTLVTVSS,0,52
Lifastuzumab,18.0,Humanized,https://clincancerres.aacrjournals.org/content/early/2019/09/20/1078-0432.CCR-18-3965.full-text.pdf,DIQMTQSPSSLSASVGDRVTITCRSSETLVHSSGNTYLEWYQQKPGKAPKLLIYRVSNRFSGVPSRFSGSGSGTDFTLTISSLQPEDFATYYCFQGSFNPLTFGQGTKVEIK,EVQLVESGGGLVQPGGSLRLSCAASGFSFSDFAMSWVRQAPGKGLEWVATIGRVAFHTYYPDSMKGRFTISRDNSKNTLYLQMNSLRAEDTAVYYCARHRGFDVGHFDFWGQGTLVTVSS,1,35
Lintuzumab,0.0,Humanized,https://ascopubs.org/doi/full/10.1200/JCO.2005.09.133?url_ver=Z39.88-2003&rfr_id=ori:rid:crossref.org&rfr_dat=cr_pub%20%200pubmed,DIQMTQSPSSLSASVGDRVTITCRASESVDNYGISFMNWFQQKPGKAPKLLIYAASNQGSGVPSRFSGSGSGTDFTLTISSLQPDDFATYYCQQSKEVPWTFGQGTKVEIK,QVQLVQSGAEVKKPGSSVKVSCKASGYTFTDYNMHWVRQAPGQGLEWIGYIYPYNGGTGYNQKFKSKATITADESTNTAYMELSSLRSEDTAVYYCARGRPAMDYWGQGTLVTVSS,0,28
Loncastuximab,0.0,Chimeric,https://www.ncbi.nlm.nih.gov/pmc/articles/PMC7013258/,EIVLTQSPAIMSASPGERVTMTCSASSGVNYMHWYQQKPGTSPRRWIYDTSKLASGVPARFSGSGSGTSYSLTISSMEPEDAATYYCHQRGSYTFGGGTKLEIK,QVQLVQPGAEVVKPGASVKLSCKTSGYTFTSNWMHWVKQAPGQGLEWIGEIDPSDSYTNYNQNFQGKAKLTVDKSTSTAYMEVSSLRSDDTAVYYCARGSNPYYYAMDYWGQGTSVTVSS,0,60
Lorvotuzumab,0.0,Humanized,https://ashpublications.org/blood/article/120/21/728/87502/Phase-I-Study-of-Lorvotuzumab-Mertansine-LM,DVVMTQSPLSLPVTLGQPASISCRSSQIIIHSDGNTYLEWFQQRPGQSPRRLIYKVSNRFSGVPDRFSGSGSGTDFTLKISRVEAEDVGVYYCFQGSHVPHTFGQGTKVEIK,QVQLVESGGGVVQPGRSLRLSCAASGFTFSSFGMHWVRQAPGKGLEWVAYISSGSFTIYYADSVKGRFTISRDNSKNTLYLQMNSLRAEDTAVYYCARMRKGYAMDYWGQGTLVTVSS,0,26
Lutikizumab,16.8,Humanized,"https://ard.bmj.com/content/annrheumdis/78/3/413.full.pdf
https://onlinelibrary.wiley.com/doi/full/10.1002/art.40840",DIQMTQSPSSLSASVGDRVTITCRASGNIHNYLTWYQQTPGKAPKLLIYNAKTLADGVPSRFSGSGSGTDYTFTISSLQPEDIATYYCQHFWSIPYTFGQGTKLQIT,EVQLVESGGGVVQPGRSLRLSCSASGFIFSRYDMSWVRQAPGKGLEWVAYISHGGAGTYYPDSVKGRFTISRDNSKNTLFLQMDSLRPEDTGVYFCARGGVTKGYFDVWGQGTPVTVSS,1,47
Mavrilimumab,3.1,Human,https://www.ncbi.nlm.nih.gov/pmc/articles/PMC5767745/,QSVLTQPPSVSGAPGQRVTISCTGSGSNIGAPYDVSWYQQLPGTAPKLLIYHNNKRPSGVPDRFSGSKSGTSASLAITGLQAEDEADYYCATVEAGLSGSVFGGGTKLTVL,QVQLVQSGAEVKKPGASVKVSCKVSGYTLTELSIHWVRQAPGKGLEWMGGFDPEENEIVYAQRFQGRVTMTEDTSTDTAYMELSSLRSEDTAVYYCAIVGSFSPLTLGLWGQGTMVTVSS,0,24
Namilumab,0.9,Human,https://arthritis-research.biomedcentral.com/articles/10.1186/s13075-019-1879-x,DIQMTQSPSSVSASVGDRVTIACRASQNIRNILNWYQQRPGKAPQLLIYAASNLQSGVPSRFSGSGSGTDFTLTINSLQPEDFATYYCQQSYSMPRTFGGGTKLEIK,QVQLVQSGAEVKKPGASVKVSCKAFGYPFTDYLLHWVRQAPGQGLEWVGWLNPYSGDTNYAQKFQGRVTMTRDTSISTAYMELSRLRSDDTAVYYCTRTTLISVYFDYWGQGTMVTVSS,0,40
Ontuxizumab,4.5,Humanized/Chimeric,"https://link.springer.com/article/10.1007%2Fs10637-017-0530-4
https://www.ncbi.nlm.nih.gov/pmc/articles/PMC6736902/",DIQMTQSPSSLSASVGDRVTITCRASQNVGTAVAWLQQTPGKAPKLLIYSASNRYTGVPSRFSGSGSGTDYTFTISSLQPEDIATYYCQQYTNYPMYTFGQGTKVQIK,QVQLQESGPGLVRPSQTLSLTCTASGYTFTDYVIHWVKQPPGRGLEWIGYINPYDDDTTYNQKFKGRVTMLVDTSSNTAYLRLSSVTAEDTAVYYCARRGNSYDGYFDYSMDYWGSGTPVTVSS,0,54
Opicinumab,3.6,Human,https://www.ncbi.nlm.nih.gov/pmc/articles/PMC4202679/,DIQMTQSPATLSLSPGERATLSCRASQSVSSYLAWYQQKPGQAPRLLIYDASNRATGIPARFSGSGSGTDFTLTISSLEPEDFAVYYCQQRSNWPMYTFGQGTKLEIK,EVQLLESGGGLVQPGGSLRLSCAASGFTFSAYEMKWVRQAPGKGLEWVSVIGPSGGFTFYADSVKGRFTISRDNSKNTLYLQMNSLRAEDTAVYYCATEGDNDAFDIWGQGTTVTVSS,0,17
Otlertuzumab,5.0,Humanized,https://www.ncbi.nlm.nih.gov/pmc/articles/PMC3938145/,EIVLTQSPATLSLSPGERATLSCRASENVYSYLAWYQQKPGQAPRLLIYFAKTLAEGIPARFSGSGSGTDFTLTISSLEPEDFAVYYCQHHSDNPWTFGQGTKVEIK,EVQLVQSGAEVKKPGESLKISCKGSGYSFTGYNMNWVRQMPGKGLEWMGNIDPYYGGTTYNRKFKGQVTISADKSISTAYLQWSSLKASDTAMYYCARSVGPFDSWGQGTLVTVSS,0,26
Parsatuzumab,4.7,Humanized,https://www.ncbi.nlm.nih.gov/pmc/articles/PMC5388369/,DIQMTQSPSSLSASVGDRVTITCRTSQSLVHINAITYLHWYQQKPGKAPKLLIYRVSNRFSGVPSRFSGSGSGTDFTLTISSLQPEDFATYYCGQSTHVPLTFGQGTKVEIK,EVQLVESGGGLVQPGGSLRLSCAASGYTFIDYYMNWVRQAPGKGLEWVGDINLDNSGTHYNQKFKGRFTISRDKSKNTAYLQMNSLRAEDTAVYYCAREGVYHDYDDYAMDYWGQGTLVTVSS,0,39
Pateclizumab,4.7,Humanized,https://www.ncbi.nlm.nih.gov/pmc/articles/PMC4243296/,DIQMTQSPSSLSASVGDRVTITCRASQAVSSAVAWYQQKPGKAPKLLIYSASHRYTGVPSRFSGSGSGTDFTLTISSLQPEDFATYYCQESYSTPWTFGQGTKVEIK,EVQLVESGGGLVQPGGSLRLSCAASGYTFTSYVIHWVRQAPGKGLEWVGYNNPYNAGTNYNEKFKGRFTISSDKSKNTAYLQMNSLRAEDTAVYYCSRPTMLPWFAYWGQGTLVTVSS,0,38
Pinatuzumab,1.4,Humanized,https://www.ncbi.nlm.nih.gov/pmc/articles/PMC6035878/,DIQMTQSPSSLSASVGDRVTITCRSSQSIVHSVGNTFLEWYQQKPGKAPKLLIYKVSNRFSGVPSRFSGSGSGTDFTLTISSLQPEDFATYYCFQGSQFPYTFGQGTKVEIK,EVQLVESGGGLVQPGGSLRLSCAASGYEFSRSWMNWVRQAPGKGLEWVGRIYPGDGDTNYSGKFKGRFTISADTSKNTAYLQMNSLRAEDTAVYYCARDGSSWDWYFDVWGQGTLVTVSS,0,35
Prasinezumab,0.0,Humanized,https://www.ncbi.nlm.nih.gov/pmc/articles/PMC5324684/,DIQMTQSPSSLSASVGDRVTITCKSIQTLLYSSNQKNYLAWFQQKPGKAPKLLIYWASIRKSGVPSRFSGSGSGTDFTLTISSLQPEDLATYYCQQYYSYPLTFGGGTKLEIK,EVQLVESGGGLVQPGGSLRLSCAASGFTFSNYGMSWVRQAPGKGLEWVASISSGGGSTYYPDNVKGRFTISRDDAKNSLYLQMNSLRAEDTAVYYCARGGAGIDYWGQGTLVTVSS,0,33
Prezalumab,0.0,Human,https://www.ncbi.nlm.nih.gov/pmc/articles/PMC6032945/,DIQMTQSPSSLSASVGDRVTITCRASQGISNWLAWYQQKPEKAPKSLIYAASSLQSGVPSRFSGSGSGTDFTLTISSLQPEDFATYYCQQYDSYPRTFGQGTKVEIK,EVQLVESGGGLVQPGGSLRLSCAASGFTFSSYWMSWVRQAPGKGLEWVAYIKQDGNEKYYVDSVKGRFTISRDNAKNSLYLQMNSLRAEDTAVYYCAREGILWFGDLPTFWGQGTLVTVSS,0,19
Refanezumab,9.4,Humanized,https://www.ncbi.nlm.nih.gov/pmc/articles/PMC5325241/,DIVMTQSPDSLAVSLGERATINCKSSHSVLYSSNQKNYLAWYQQKPGQPPKLLIYWASTRESGVPDRFSGSGSGTDFTLTISSLQAEDVAVYYCHQYLSSLTFGQGTKLEIK,QVQLVQSGSELKKPGASVKVSCKASGYTFTNYGMNWVRQAPGQGLEWMGWINTYTGEPTYADDFTGRFVFSLDTSVSTAYLQISSLKAEDTAVYYCARNPINYYGINYEGYVMDYWGQGTLVTVSS,0,26
Robatumumab,0.0,Human,https://www.ncbi.nlm.nih.gov/pmc/articles/PMC4303167/,EIVLTQSPGTLSVSPGERATLSCRASQSIGSSLHWYQQKPGQAPRLLIKYASQSLSGIPDRFSGSGSGTDFTLTISRLEPEDFAVYYCHQSSRLPHTFGQGTKVEIK,EVQLVQSGGGLVKPGGSLRLSCAASGFTFSSFAMHWVRQAPGKGLEWISVIDTRGATYYADSVKGRFTISRDNAKNSLYLQMNSLRAEDTAVYYCARLGNFYYGMDVWGQGTTVTVSS,0,27
Sifalimumab,0.0,Human,https://www.ncbi.nlm.nih.gov/pmc/articles/PMC5099191/,EIVLTQSPGTLSLSPGERATLSCRASQSVSSTYLAWYQQKPGQAPRLLIYGASSRATGIPDRFSGSGSGTDFTLTISRLEPEDFAVYYCQQYGSSPRTFGQGTKVEIK,QVQLVQSGAEVKKPGASVKVSCKASGYTFTSYSISWVRQAPGQGLEWMGWISVYNGNTNYAQKFQGRVTMTTDTSTSTAYLELRSLRSDDTAVYYCARDPIAAGYWGQGTLVTVSS,0,23
Suvratoxumab,3.0,Human,https://aac.asm.org/content/61/1/e01020-16,DIQMTQSPSTLSASVGDRVTITCRASQSISSWLAWYQQKPGKAPKLLIYKASSLESGVPSRFSGSGSGTEFTLTISSLQPDDFATYYCKQYADYWTFGQGTKVEIK,EVQLVESGGGLVQPGGSLRLSCAASGFTFSSHDMHWVRQATGKGLEWVSGIGTAGDTYYPDSVKGRFTISRENAKNSLYLQMNSLRAGDTAVYYCARDRYSPTGHYYGMDVWGQGTTVTVSS,0,17
Tarextumab,26.0,Human,https://www.ncbi.nlm.nih.gov/pmc/articles/PMC6647865/,DIVLTQSPATLSLSPGERATLSCRASQSVRSNYLAWYQQKPGQAPRLLIYGASSRATGVPARFSGSGSGTDFTLTISSLEPEDFAVYYCQQYSNFPITFGQGTKVEIK,EVQLVESGGGLVQPGGSLRLSCAASGFTFSSSGMSWVRQAPGKGLEWVSVIASSGSNTYYADSVKGRFTISRDNSKNTLYLQMNSLRAEDTAVYYCARSIFYTTWGQGTLVTVSS,1,20
Tovetumab,2.9,Human,https://www.ncbi.nlm.nih.gov/pmc/articles/PMC4209236/,DIQMTQSPSSLSASVGDRVSITCRPSQSFSRYINWYQQKPGKAPKLLIHAASSLVGGVPSRFSGSGSGTDFTLTISSLQPEDFATYYCQQTYSNPPITFGQGTRLEMK,QVQLVESGGGLVKPGGSLRLSCAASGFTFSDYYMNWIRQAPGKGLEWVSYISSSGSIIYYADSVKGRFTISRDNAKNSLYLQMNSLRAEDTAVYYCAREGRIAARGMDVWGQGTTVTVSS,0,27
Mogamulizumab,4.2,Humanized,https://jitc.biomedcentral.com/articles/10.1186/s40425-019-0815-6,DVLMTQSPLSLPVTPGEPASISCRSSRNIVHINGDTYLEWYLQKPGQSPQLLIYKVSNRFSGVPDRFSGSGSGTDFTLKISRVEAEDVGVYYCFQGSLLPWTFGQGTKVEIK,EVQLVESGGDLVQPGRSLRLSCAASGFIFSNYGMSWVRQAPGKGLEWVATISSASTYSYYPDSVKGRFTISRDNAKNSLYLQMNSLRVEDTALYYCGRHSDGNFAFGYWGQGTLVTVSS,0,34
Varlilumab,0.0,Human,https://ascopubs.org/doi/full/10.1200/JCO.2016.70.1508?url_ver=Z39.88-2003&rfr_id=ori:rid:crossref.org&rfr_dat=cr_pub%20%200pubmed,DIQMTQSPSSLSASVGDRVTITCRASQGISRWLAWYQQKPEKAPKSLIYAASSLQSGVPSRFSGSGSGTDFTLTISSLQPEDFATYYCQQYNTYPRTFGQGTKVEIK,QVQLVESGGGVVQPGRSLRLSCAASGFTFSSYDMHWVRQAPGKGLEWVAVIWYDGSNKYYADSVKGRFTISRDNSKNTLYLQMNSLRAEDTAVYYCARGSGNWGFFDYWGQGTLVTVSS,0,12
Utomilumab,40.7,Human,"https://jitc.biomedcentral.com/articles/10.1186/s40425-019-0815-6
https://clincancerres.aacrjournals.org/content/24/8/1816.long",SYELTQPPSVSVSPGQTASITCSGDNIGDQYAHWYQQKPGQSPVLVIYQDKNRPSGIPERFSGSNSGNTATLTISGTQAMDEADYYCATYTGFGSLAVFGGGTKLTVL,EVQLVQSGAEVKKPGESLRISCKGSGYSFSTYWISWVRQMPGKGLEWMGKIYPGDSYTNYSPSFQGQVTISADKSISTAYLQWSSLKASDTAMYYCARGYGIFDYWGQGTLVTVSS,1,22
Domagrozumab,9.4,Humanized,https://accp1.onlinelibrary.wiley.com/doi/full/10.1002/cpdd.386,DIQMTQSPSSLSASVGDRVTITCKASQDVSTAVAWYQQKPGKAPKLLIYSASYRYTGVPSRFSGSGSGTDFTLTISSLQPEDFATYYCQQHYSTPWTFGGGTKVEIK,EVQLLESGGGLVQPGGSLRLSCAASGFTFSSYAMSWVRQAPGKGLEWVSTISSGGSYTSYPDSVKGRFTISRDNSKNTLYLQMNSLRAEDTAVYYCAKQDYAMNYWGQGTLVTVSS,0,27
Gantenerumab,0.0,Human,https://www.researchgate.net/publication/264433230_Efficacy_and_safety_studies_of_gantenerumab_in_patients_with_Alzheimer's_disease,DIVLTQSPATLSLSPGERATLSCRASQSVSSSYLAWYQQKPGQAPRLLIYGASSRATGVPARFSGSGSGTDFTLTISSLEPEDFATYYCLQIYNMPITFGQGTKVEIK,QVELVESGGGLVQPGGSLRLSCAASGFTFSSYAMSWVRQAPGKGLEWVSAINASGTRTYYADSVKGRFTISRDNSKNTLYLQMNSLRAEDTAVYYCARGKGNTHKPYGYVRYFDVWGQGTLVTVSS,0,24
Lanadelumab,7.0,Human,https://www.accessdata.fda.gov/drugsatfda_docs/label/2018/761090s000lbl.pdf,DIQMTQSPSTLSASVGDRVTITCRASQSISSWLAWYQQKPGKAPKLLIYKASTLESGVPSRFSGSGSGTEFTLTISSLQPDDFATYYCQQYNTYWTFGQGTKVEIK,EVQLLESGGGLVQPGGSLRLSCAASGFTFSHYIMMWVRQAPGKGLEWVSGIYSSGGITVYADSVKGRFTISRDNSKNTLYLQMNSLRAEDTAVYYCAYRRIGVPRRDEFDIWGQGTMVTVSS,0,20
Itolizumab,15.8,Humanized,https://www.ncbi.nlm.nih.gov/pmc/articles/PMC4407739/#__sec11title,DIQMTQSPSSLSASVGDRVTITCKASRDIRSYLTWYQQKPGKAPKTLIYYATSLADGVPSRFSGSGSGQDYSLTISSLESDDTATYYCLQHGESPFTLGSGTKLEIK,EVQLVESGGGLVKPGGSLKLSCAASGFKFSRYAMSWVRQAPGKRLEWVATISSGGSYIYYPDSVKGRFTISRDNVKNTLYLQMSSLRSEDTAMYYCARRDYDLDYFDSWGQGTLVTVSS,1,54
Fremanezumab,1.6,Humanized,https://www.accessdata.fda.gov/drugsatfda_docs/label/2018/761089s000lbl.pdf,EIVLTQSPATLSLSPGERATLSCKASKRVTTYVSWYQQKPGQAPRLLIYGASNRYLGIPARFSGSGSGTDFTLTISSLEPEDFAVYYCSQSYNYPYTFGQGTKLEIK,EVQLVESGGGLVQPGGSLRLSCAASGFTFSNYWISWVRQAPGKGLEWVAEIRSESDASATHYAEAVKGRFTISRDNAKNSLYLQMNSLRAEDTAVYYCLAYFDYGLAIQNYWGQGTLVTVSS,0,38
Evolocumab,0.3,Human,https://www.accessdata.fda.gov/drugsatfda_docs/label/2017/125522s014lbl.pdf,ESALTQPASVSGSPGQSITISCTGTSSDVGGYNSVSWYQQHPGKAPKLMIYEVSNRPSGVSNRFSGSKSGNTASLTISGLQAEDEADYYCNSYTSTSMVFGGGTKLTVL,EVQLVQSGAEVKKPGASVKVSCKASGYTLTSYGISWVRQAPGQGLEWMGWVSFYNGNTNYAQKLQGRGTMTTDPSTSTAYMELRSLRSDDTAVYYCARGYGMDVWGQGTTVTVSS,0,16
Enfortumab,1.0,Human,https://www.accessdata.fda.gov/drugsatfda_docs/label/2019/761137s000lbl.pdf,DIQMTQSPSSVSASVGDRVTITCRASQGISGWLAWYQQKPGKAPKFLIYAASTLQSGVPSRFSGSGSGTDFTLTISSLQPEDFATYYCQQANSFPPTFGGGTKVEIK,EVQLVESGGGLVQPGGSLRLSCAASGFTFSSYNMNWVRQAPGKGLEWVSYISSSSSTIYYADSVKGRFTISRDNAKNSLSLQMNSLRDEDTAVYYCARAYYYGMDVWGQGTTVTVSS,0,10
Emicizumab,3.5,Humanized,https://www.accessdata.fda.gov/drugsatfda_docs/label/2018/761083s002s004lbl.pdf,DIQMTQSPSSLSASVGDRVTITCKASRNIERQLAWYQQKPGQAPELLIYQASRKESGVPDRFSGSRYGTDFTLTISSLQPEDIATYYCQQYSDPPLTFGGGTKVEIK,QVQLVQSGSELKKPGASVKVSCKASGYTFTDNNMDWVRQAPGQGLEWMGDINTRSGGSIYNEEFQDRVIMTVDKSTDTAYMELSSLRSEDTATYHCARRKSYGYYLDEWGEGTLVTVSS,0,45
Emapalumab,3.5,Human,https://www.accessdata.fda.gov/drugsatfda_docs/label/2018/761107lbl.pdf,NFMLTQPHSVSESPGKTVTISCTRSSGSIASNYVQWYQQRPGSSPTTVIYEDNQRPSGVPDRFSGSIDSSSNSASLTISGLKTEDEADYYCQSYDGSNRWMFGGGTKLTVL,EVQLLESGGGLVQPGGSLRLSCAASGFTFSSYAMSWVRQAPGKGLEWVSAISGSGGSTYYADSVKGRFTISRDNSKNTLYLQMNSLRAEDTAVYYCAKDGSSGWYVPHWFDPWGQGTLVTVSS,0,10
Efalizumab,6.3,Humanized,https://www.fda.gov/media/75713/download,DIQMTQSPSSLSASVGDRVTITCRASKTISKYLAWYQQKPGKAPKLLIYSGSTLQSGVPSRFSGSGSGTDFTLTISSLQPEDFATYYCQQHNEYPLTFGQGTKVEIK,EVQLVESGGGLVQPGGSLRLSCAASGYSFTGHWMNWVRQAPGKGLEWVGMIHPSDSETRYNQKFKDRFTISVDKSKNTLYLQMNSLRAEDTAVYYCARGIYFYGTTYFDYWGQGTLVTVSS,0,30
Dupilumab,4.0,Human,https://www.accessdata.fda.gov/drugsatfda_docs/label/2019/761055s014lbl.pdf,DIVMTQSPLSLPVTPGEPASISCRSSQSLLYSIGYNYLDWYLQKSGQSPQLLIYLGSNRASGVPDRFSGSGSGTDFTLKISRVEAEDVGFYYCMQALQTPYTFGQGTKLEIK,EVQLVESGGGLEQPGGSLRLSCAGSGFTFRDYAMTWVRQAPGKGLEWVSSISGSGGNTYYADSVKGRFTISRDNSKNTLYLQMNSLRAEDTAVYYCAKDRLSITIRPRYYGLDVWGQGTTVTVSS,0,29
Crizanlizumab,0.9,Humanized,https://www.accessdata.fda.gov/drugsatfda_docs/label/2019/761128s000lbl.pdf,DIQMTQSPSSLSASVGDRVTITCKASQSVDYDGHSYMNWYQQKPGKAPKLLIYAASNLESGVPSRFSGSGSGTDFTLTISSLQPEDFATYYCQQSDENPLTFGGGTKVEIK,QVQLVQSGAEVKKPGASVKVSCKVSGYTFTSYDINWVRQAPGKGLEWMGWIYPGDGSIKYNEKFKGRVTMTVDKSTDTAYMELSSLRSEDTAVYYCARRGEYGNYEGAMDYWGQGTLVTVSS,0,28
Cemiplimab,1.3,Human,https://www.accessdata.fda.gov/drugsatfda_docs/label/2018/761097s000lbl.pdf,DIQMTQSPSSLSASVGDSITITCRASLSINTFLNWYQQKPGKAPNLLIYAASSLHGGVPSRFSGSGSGTDFTLTIRTLQPEDFATYYCQQSSNTPFTFGPGTVVDFR,EVQLLESGGVLVQPGGSLRLSCAASGFTFSNFGMTWVRQAPGKGLEWVSGISGGGRDTYFADSVKGRFTISRDNSKNTLYLQMNSLKGEDTAVYYCVKWGNIYFDYWGQGTLVTVSS,0,34
Burosumab,5.0,Human,"https://www.ncbi.nlm.nih.gov/pmc/articles/PMC6223702/
https://www.accessdata.fda.gov/drugsatfda_docs/label/2018/761068s000lbl.pdf",AIQLTQSPSSLSASVGDRVTITCRASQGISSALVWYQQKPGKAPKLLIYDASSLESGVPSRFSGSGSGTDFTLTISSLQPEDFATYYCQQFNDYFTFGPGTKVDIK,QVQLVQSGAEVKKPGASVKVSCKASGYTFTNHYMHWVRQAPGQGLEWMGIINPISGSTSNAQKFQGRVTMTRDTSTSTVYMELSSLRSEDTAVYYCARDIVDAFDFWGQGTMVTVSS,0,18
Brodalumab,3.0,Human,https://www.accessdata.fda.gov/drugsatfda_docs/label/2017/761032lbl.pdf,EIVMTQSPATLSVSPGERATLSCRASQSVSSNLAWFQQKPGQAPRPLIYDASTRATGVPARFSGSGSGTDFTLTISSLQSEDFAVYYCQQYDNWPLTFGGGTKVEIK,QVQLVQSGAEVKKPGASVKVSCKASGYTFTRYGISWVRQAPGQGLEWMGWISTYSGNTNYAQKLQGRVTMTTDTSTSTAYMELRSLRSDDTAVYYCARRQLYFDYWGQGTLVTVSS,0,22
Bezlotoxumab,0.0,Human,https://www.accessdata.fda.gov/drugsatfda_docs/label/2016/761046s000lbl.pdf,EIVLTQSPGTLSLSPGERATLSCRASQSVSSSYLAWYQQKPGQAPRLLIYGASSRATGIPDRFSGSGSGTDFTLTISRLEPEDFAVYYCQQYGSSTWTFGQGTKVEIK,EVQLVQSGAEVKKSGESLKISCKGSGYSFTSYWIGWVRQMPGKGLEWMGIFYPGDSSTRYSPSFQGQVTISADKSVNTAYLQWSSLKASDTAMYYCARRRNWGNAFDIWGQGTMVTVSS,0,16
Benralizumab,13.0,Humanized,https://www.accessdata.fda.gov/drugsatfda_docs/label/2017/761070s000lbl.pdf,DIQMTQSPSSLSASVGDRVTITCGTSEDIINYLNWYQQKPGKAPKLLIYHTSRLQSGVPSRFSGSGSGTDFTLTISSLQPEDFATYYCQQGYTLPYTFGQGTKVEIK,EVQLVQSGAEVKKPGASVKVSCKASGYTFTSYVIHWVRQRPGQGLAWMGYINPYNDGTKYNERFKGKVTITSDRSTSTVYMELSSLRSEDTAVYLCGREGIRYYGLLGDYWGQGTLVTVSS,1,36
Belimumab,2.4,Human,https://www.accessdata.fda.gov/drugsatfda_docs/label/2017/761043lbl.pdf,SSELTQDPAVSVALGQTVRVTCQGDSLRSYYASWYQQKPGQAPVLVIYGKNNRPSGIPDRFSGSSSGNTASLTITGAQAEDEADYYCSSRDSSGNHWVFGGGTELTVL,QVQLQQSGAEVKKPGSSVRVSCKASGGTFNNNAINWVRQAPGQGLEWMGGIIPMFGTAKYSQNFQGRVAITADESTGTASMELSSLRSEDTAVYYCARSRDLLLFPHHALSPWGRGTMVTVSS,0,34
Alirocumab,3.9,Human,https://www.accessdata.fda.gov/drugsatfda_docs/label/2019/125559s019s020lbl.pdf,DIVMTQSPDSLAVSLGERATINCKSSQSVLYRSNNRNFLGWYQQKPGQPPNLLIYWASTRESGVPDRFSGSGSGTDFTLTISSLQAEDVAVYYCQQYYTTPYTFGQGTKLEIK,EVQLVESGGGLVQPGGSLRLSCAASGFTFNNYAMNWVRQAPGKGLDWVSTISGSGGTTNYADSVKGRFIISRDSSKHTLYLQMNSLRAEDTAVYYCAKDSNWGNFDLWGRGTLVTVSS,0,22
Obiltoxaximab,2.5,Chimeric,https://www.accessdata.fda.gov/drugsatfda_docs/label/2016/125509lbl.pdf,DIQMTQSPSSLSASVGDRVTITCRASQDIRNYLNWYQQKPGKAVKLLIYYTSRLLPGVPSRFSGSGSGTDYSLTISSQEQEDIGTYFCQQGNTLPWTFGQGTKVEIR,QVQLQQSGPELKKPGASVKVSCKDSGYAFSSSWMNWVRQAPGQGLEWIGRIYPGDGDTNYNGKFQGRVTITADKSSSTAYMELSSLRSEDTAVYFCARSGLLRYAMDYWGQGTLVTVSS,0,38
Mepolizumab,13.0,Humanized,https://www.accessdata.fda.gov/drugsatfda_docs/label/2017/125526s004lbl.pdf,DIVMTQSPDSLAVSLGERATINCKSSQSLLNSGNQKNYLAWYQQKPGQPPKLLIYGASTRESGVPDRFSGSGSGTDFTLTISSLQAEDVAVYYCQNVHSFPFTFGGGTKLEIK,QVTLRESGPALVKPTQTLTLTCTVSGFSLTSYSVHWVRQPPGKGLEWLGVIWASGGTDYNSALMSRLSISKDTSRNQVVLTMTNMDPVDTATYYCARDPPSSLLRLDYWGRGTPVTVSS,1,26
Actoxumab,0.0,Human,"MK-3415 no ADA present
https://www.tga.gov.au/sites/default/files/auspar-bezlotoxumab-180924-cer.pdf",DIQMTQSPSSVSASVGDRVTITCRASQGISSWLAWYQHKPGKAPKLLIYAASSLQSGVPSRFSGSGSGTDFTLTISSLQPEDFATYYCQQANSFPWTFGQGTKVEIK,QVQLVESGGGVVQPGRSLRLSCAASGFSFSNYGMHWVRQAPGKGLEWVALIWYDGSNEDYTDSVKGRFTISRDNSKNTLYLQMNSLRAEDTAVYYCARWGMVRGVIDVFDIWGQGTVVTVSS,0,14
Tosatoxumab,2.1,Human,"https://www.sec.gov/Archives/edgar/data/1614067/000104746918005409/a2236377zs-1a.htm 
AR301 - ADA in 1 patient",QSVLTQSPSASGTPGQRVTISCSGGSSNIGSNTVNWYQQFPGAAPKLLIYTNNQRPSGVPDRFSGSKSGTSASLAISGLQSEDEADYYCATWDDSLNGLYVFGTGTKVTVL,EVQMVQSGAEVKKPGEPLKISCKGSGYKFGTHWIGWVRQRPGKGLEWMGIIHPADSETKYSPSFQGQVSFSADKSSNTAYLHWSTLRASDTAMYYCARRSGSSSWYALDFWGQGTMVTVSS,0,47
Derlotuximab,33.3,Chimeric,https://pubmed.ncbi.nlm.nih.gov/16918301/,ENVLTQSPAIMSASPGEKVTMTCRASSSVSSSYLHWYQQKSGASPKLWIYSTSNLASGVPARFSGSGSGTSYSLTISSVEAEDAATYYCQQYSGYPLTFGGGTKLEIK,QVQLKESGPGLVAPSQSLSITCTVSGFSLTDYGVRWIRQPPGKGLEWLGVIWGGGSTYYNSALKSRLSISKDNSKSQVFLKMNSLQTDDTAMYYCAKEKRRGYYYAMDYWGQGTSVTVSS,1,56
Edrecolomab,80.0,Mouse,https://pubmed.ncbi.nlm.nih.gov/7909866/,NIVMTQSPKSMSMSVGERVTLTCKASENVVTYVSWYQQKPEQSPKLLIYGASNRYTGVPDRFTGSGSATDFTLTISSVQAEDLADYHCGQGYSYPYTFGGGTKLEIK,QVQLQQSGAELVRPGTSVKVSCKASGYAFTNYLIEWVKQRPGQGLEWIGVINPGSGGTNYNEKFKGKATLTADKSSSTAYMQLSSLTSDDSAVYFCARDGPWFAYWGQGTLVTVSA,1,69
